Title,PublishedAt,ViewCount,LikeCount,DislikeCount,CommentCount,Duration,URL
Add a bottle of renaissauce to your weekly shop!,2022-10-05T20:00:11Z,8935131,526804,0,4730,0.6,https://www.youtube.com/watch?v=FGClFpJZBnw
Well that's one way of putting it üëÄ #QI #iPlayer,2023-01-30T21:00:06Z,3346760,93718,0,999,1.0,https://www.youtube.com/watch?v=EkFjKtoCWDg
Easy mistake to make ü§∑ #CunkOnBritain #iPlayer #PhilomenaCunk,2023-01-06T08:00:31Z,10161895,530983,0,7965,0.78,https://www.youtube.com/watch?v=sBlRc6ZlhDg
Novak Djokovic couldn‚Äôt hold back the tears when his son smiled at him ü•π #Wimbledon #iPlayer,2023-07-17T11:15:04Z,2342888,119852,0,1290,0.73,https://www.youtube.com/watch?v=sSSSajrLFJg
"Louis, that's no way to speak to a lady üòâ #LouisTherouxInterviews #iPlayer #JudiDench",2022-11-02T10:30:07Z,6713975,382150,0,3435,0.48,https://www.youtube.com/watch?v=L5PPKfWwIUY
One bowl of Soviet onion soup please! üç≤,2022-10-19T11:00:36Z,19475410,1028451,0,17147,0.9,https://www.youtube.com/watch?v=nc_H-bD2khc
Elon Musk disliking smalltalk is the most relatable thing about him  #TheElonMuskShow #iPlayer,2022-10-28T15:00:07Z,4441982,90835,0,3419,0.9,https://www.youtube.com/watch?v=DWllANX7aJA
When asking politely doesn‚Äôt work #SASRogueHeroes #iPlayer,2022-11-02T15:00:31Z,2322720,104290,0,943,0.73,https://www.youtube.com/watch?v=XsvzD42V77g
Good point... are they legs or arms? üêª,2022-10-12T14:00:16Z,41039678,1500031,0,24776,0.37,https://www.youtube.com/watch?v=SByG7JlEOpA
No time for romance during the Black Plague üíî #CunkOnBritain #iPlayer #PhilomenaCunk,2023-01-03T11:00:30Z,5844551,292969,0,1568,0.45,https://www.youtube.com/watch?v=g09Ufqh4S1Y
@CentralCee  and @SantanDave perform Sprinter ‚ú®#Glastonbury #iPlayer #OurBBC,2023-06-24T21:53:03Z,269712,9797,0,125,0.47,https://www.youtube.com/watch?v=_paPpcBdrMI
that was too long to fit on the badge though üôÉ #SASRogueHeroes #iPlayer,2022-11-24T15:00:23Z,1378420,45143,0,391,0.33,https://www.youtube.com/watch?v=M95Dk_zwqrU
"Poor, poor David ü§£ #Staged #iPlayer",2023-06-23T13:00:25Z,459049,38004,0,129,0.52,https://www.youtube.com/watch?v=VyS9RYir_Jw
"""I'd've rang the police!"" üòÇ #CunkOnShakespeare #iPlayer #PhilomenaCunk",2023-01-04T13:00:15Z,3526454,169510,0,1310,0.42,https://www.youtube.com/watch?v=VpwsUIujFRY
üíÉ LET'S GO GIRLS üíÉ #CunkOnBritain #iPlayer #PhilomenaCunk,2022-12-31T13:00:23Z,5482673,250042,0,3084,0.75,https://www.youtube.com/watch?v=U_4OtV-4wLI
Imagine being in the front row!,2022-09-26T19:00:04Z,10381072,420464,0,5842,0.65,https://www.youtube.com/watch?v=8BsHd52ric0
For anyone who (delete as appropriate) has kids/dislikes their job/hates Christmas #SASRogueHeroes,2022-11-17T10:59:09Z,736471,32773,0,507,0.4,https://www.youtube.com/watch?v=ZaNVCrBm6Oc
crying over here @LewisCapaldi  üò≠ #Glastonbury #iPlayer #OurBBC,2023-06-24T19:20:11Z,806730,22993,0,229,0.43,https://www.youtube.com/watch?v=5pfyQsemMxE
"Don't say that, it was real to me üíî #WouldILieToYou? #iPlayer #WILTY",2023-03-16T20:30:02Z,205924,4280,0,90,0.87,https://www.youtube.com/watch?v=HuGUVbEso7c
"Philomena Cunk, fully qualified substitute music teacher üéµ",2022-10-11T14:00:15Z,7933585,449593,0,5376,0.73,https://www.youtube.com/watch?v=Y0bwtVjbrGo
Which list were YOU on as a kid? üéÖ #CunkOnChristmas #iPlayer #PhilomenaCunk,2022-12-22T13:00:04Z,4090804,341134,0,2930,0.28,https://www.youtube.com/watch?v=BBaNxmdVxzE
It‚Äôs official! #SASRogueHeroes will be continued‚Ä¶ #Series2 #iPlayer,2022-12-04T22:15:00Z,196525,7030,0,165,0.97,https://www.youtube.com/watch?v=YUnNSWlo-vg
Where Tommy and Grace's love story began ‚ù§Ô∏è #PeakyBlinders #iPlayer,2022-09-26T14:00:31Z,2877662,125299,0,512,0.63,https://www.youtube.com/watch?v=h1xRURbeKg8
How does this expert keep a straight face?!,2022-09-28T17:00:03Z,12299995,624260,0,14169,1.0,https://www.youtube.com/watch?v=6FNv4hsTBM8
History 101 - BBC,2023-01-03T19:00:00Z,61063907,1693076,0,42164,0.5,https://www.youtube.com/watch?v=16J5TrCIEB4
Does this mean the pyramids are basically giant waterslides?,2022-09-22T13:22:32Z,8060301,414705,0,8090,0.5,https://www.youtube.com/watch?v=OuS1WmRwvzU
"'I know she's up there, fondly keeping an eye on us.' #CoronationConcert #CoronationOnTheBBC",2023-05-07T21:54:18Z,6163741,182645,0,2396,0.37,https://www.youtube.com/watch?v=j1BKKOCd3B4
If you play with Uncle Roger and Gordon Ramsay you‚Äôre gunna get burnt üî•üíØ #FutureFoodStars #iPlayer,2023-05-24T10:00:20Z,1372279,47476,0,155,0.52,https://www.youtube.com/watch?v=Q0BTpZyAbao
"Yungblud sets the record straight about his class, education and upbringing. #iPlayer",2022-11-12T09:00:10Z,2540012,84273,0,2242,0.82,https://www.youtube.com/watch?v=J9lx6nyBXxg
#JackLowden uses his Scottish accent for fun üòÜ #TheGrahamNortonShow #iPlayer - BBC,2023-02-04T16:30:07Z,3930678,119611,0,520,0.85,https://www.youtube.com/watch?v=iuxd22NHnaU
David Tennant? Broody? Never! #Staged #iPlayer,2023-06-29T07:00:19Z,715349,50791,0,415,1.0,https://www.youtube.com/watch?v=rIml2rzrNPA
Would you trust Aunt Carol to cleanse your chakras?,2022-10-17T13:14:25Z,6353108,380676,0,5097,0.77,https://www.youtube.com/watch?v=R-ydPnWykzg
When you're so close to your BFF you know EVERYTHING about them üí© #Staged #iPlayer,2023-06-18T12:00:10Z,2094844,90750,0,474,0.63,https://www.youtube.com/watch?v=IYQtl4r_Qmo
Dame Judi Dench & Michael Douglas Adorably Remember Kirk Douglas | The Graham Norton Show - BBC,2023-02-19T10:00:36Z,491487,3398,0,145,1.13,https://www.youtube.com/watch?v=xqkzN8uhlUI
Philomena Cunk... new @TopGear host?,2022-10-14T11:00:05Z,6673381,420020,0,4664,0.87,https://www.youtube.com/watch?v=6PY2O3jdQMQ
"""Dynamite"" performance from Tom Ellis üôåüòÇ #ThatsMyJam #iPlayer",2023-01-25T15:00:09Z,216462,11550,0,101,0.6,https://www.youtube.com/watch?v=7e2KsZKCyuQ
"Philomena Cunk, the art critic üé®",2022-10-07T16:00:17Z,32418373,1162650,0,15122,0.72,https://www.youtube.com/watch?v=OXxJm3Y_mTM
Cunk on Earth ü§£ Trailer - BBC,2022-10-05T14:12:35Z,1370702,28777,0,711,0.5,https://www.youtube.com/watch?v=Hm6AOHq9OL4
HM King Charles III formally crowned üëë #CoronationOnTheBBC #Coronation #KingCharlesIII #RoyalFamily,2023-05-06T12:07:55Z,7898750,204201,0,8311,0.68,https://www.youtube.com/watch?v=7MnhFnSdbr8
There She Goes | Trailer  - BBC,2023-06-08T17:30:02Z,244444,2192,0,92,0.52,https://www.youtube.com/watch?v=E-r6Z2n4k5k
Jason Sudeikis‚Äô co-star Hannah Waddingham is co-hosting Eurovision and he‚Äôs going to be watching üéâ,2023-04-27T09:45:01Z,56250,1157,0,8,0.52,https://www.youtube.com/watch?v=Y57lH5mR-Bc
optimists vs pessimists #SASRogueHeroes #iPlayer,2022-11-16T17:00:29Z,710263,22568,0,210,0.77,https://www.youtube.com/watch?v=O0kysvdQDxE
Not your average vicar... #InsideMan #iPlayer,2022-10-07T20:00:24Z,3241543,175331,0,1213,0.53,https://www.youtube.com/watch?v=jr4vJwIN8cY
David Attenborough encounters the most DANGEROUS plant in the desert! üò≤üåµ The Green Planet üå±BBC,2022-01-31T13:00:33Z,10757028,163218,0,8544,1.6,https://www.youtube.com/watch?v=qK4G2KpmqFU
Hugh Laurie on the difficulty of the American accent | The Graham Norton Show - BBC,2022-12-29T16:30:00Z,2679644,34883,0,2001,1.55,https://www.youtube.com/watch?v=1Q9F2-Se0Ss
How many oceans are on Earth? üåç  #QI #iPlayer,2023-05-26T11:00:17Z,169794,5668,0,78,0.93,https://www.youtube.com/watch?v=EmjjvgTX18s
Donte and Chlo are OG couple goals üòç #WaterlooRoad #iPlayer,2023-01-06T10:00:37Z,53738,2292,0,17,0.92,https://www.youtube.com/watch?v=yhXLeHz5lcI
SAS Rogue Heroes | Brand new trailer - BBC,2022-09-30T11:00:33Z,756968,6119,0,552,1.03,https://www.youtube.com/watch?v=gTWqFccBsgg
Lee Mack and Chris McCausland make the funniest presenting duo üòÇ | The BAFTAS 2022 - BBC,2022-05-08T17:49:18Z,1908868,21268,0,539,2.05,https://www.youtube.com/watch?v=CLhy0Zq95HU
Is water wet? üíß #QI #iPlayer,2022-12-05T12:00:15Z,9293077,527146,0,7282,0.98,https://www.youtube.com/watch?v=QCh-RaxlaZQ
Here for Tom Felton and Emma Watson's friendship üòç #TheOneShow #iPlayer,2022-10-21T10:30:02Z,1062478,48314,0,263,0.92,https://www.youtube.com/watch?v=DdoiQCGHRz0
Blue Lights | Trailer - BBC,2023-03-15T17:00:07Z,315527,1008,0,146,0.58,https://www.youtube.com/watch?v=C2fifCku6IU
Why isn't 99p rounded up to ¬£1?! #QI #iPlayer,2022-12-16T14:00:20Z,5665307,225147,0,1544,0.93,https://www.youtube.com/watch?v=j-q366U2Kjs
"Seriously, who takes their phone into the toilet with them? üëÄü§´ #Staged #iPlayer",2023-06-22T15:30:13Z,615619,54788,0,226,0.92,https://www.youtube.com/watch?v=uE2mrHOv2fs
Could you cut it in the SAS? #SASRogueHeroes #iPlayer,2022-11-18T15:00:18Z,672003,25599,0,399,0.97,https://www.youtube.com/watch?v=U0-I21xkizo
Anyone else got goosebumps? @samsmith's beautiful rendition of Lay Me Down üò¢ #SamSmith #iPlayer,2023-02-15T15:00:19Z,294309,10799,0,385,0.5,https://www.youtube.com/watch?v=Zmi1gLO_SNs
the greatest joke that actually happened #Motherland #iPlayer,2023-01-01T15:00:24Z,172098,2108,0,34,0.25,https://www.youtube.com/watch?v=q06zez-P9RM
The world needed the 'jiggle jiggle' rap #TheOneShow #iPlayer #LouisTheroux,2022-10-31T15:00:32Z,664545,23352,0,101,0.65,https://www.youtube.com/watch?v=S5gZPAkficw
"‚ÄúPaddy, play the madman‚Äù | SAS Rogue Heroes",2022-11-14T15:00:23Z,229001,1874,0,147,2.17,https://www.youtube.com/watch?v=ei2h5xpz9Pw
"""Uptown Funk"" got a Donny Osmond makeover ü§© #ThatsMyJam #iPlayer",2023-01-03T20:30:05Z,141289,5657,0,237,0.95,https://www.youtube.com/watch?v=XlPSnVScaJs
Best Interests - Trailer | BBC,2023-06-01T12:00:01Z,71367,390,0,101,0.68,https://www.youtube.com/watch?v=1WLEPGK2hYg
No wonder they're hangry! üòπ #FrozenPlanet2 #iPlayer,2022-10-06T12:00:16Z,1670195,121066,0,1563,0.92,https://www.youtube.com/watch?v=Nu9Bz_ixeuA
The HILARIOUS Lenny Rush wins Best Male Performance in a Comedy Programme üéâ | BAFTA TV Awards 2023,2023-05-14T18:31:20Z,238293,2214,0,114,1.97,https://www.youtube.com/watch?v=fNUApfTF5gY
The Apprentice: Series 17 üî• | Trailer ‚Äì BBC,2022-12-16T15:00:14Z,78663,687,0,108,0.5,https://www.youtube.com/watch?v=F6Bb48zkZ_E
Marie Antoinette | Brand New Trailer üî• - BBC,2022-12-12T14:00:16Z,451590,3335,0,383,0.58,https://www.youtube.com/watch?v=bK4D5qC_EW8
LOVE Rylan's mum! üòÇ #MichaelMcIntyre #BigShow #iPlayer,2023-01-19T18:00:17Z,179816,4367,0,58,0.72,https://www.youtube.com/watch?v=e2EiMOXGrcs
Rain Dogs | NEW trailer - BBC,2023-03-30T12:00:23Z,109784,462,0,35,0.73,https://www.youtube.com/watch?v=bemwEA9lnSI
Colin from Accounts | Trailer - BBC,2023-03-29T15:00:49Z,183907,627,0,57,0.53,https://www.youtube.com/watch?v=tOYkr1DTaLQ
How do crabs swap shells? | Spy in the Ocean - BBC,2023-07-03T07:00:31Z,74364,1268,0,84,2.45,https://www.youtube.com/watch?v=qUisYE5kOZI
Catherine and Tommy's explosive last words | Happy Valley - BBC,2023-02-12T09:00:25Z,314233,2168,0,212,2.93,https://www.youtube.com/watch?v=jTy4pDr7dpU
Our Flag Means Death | Trailer,2023-01-04T15:00:03Z,61321,708,0,47,0.58,https://www.youtube.com/watch?v=2e7r_e_bitc
Paddy Mayne trains the Free French üò≤  SAS Rogue Heroes - BBC,2022-11-28T15:00:08Z,723372,5569,0,646,2.82,https://www.youtube.com/watch?v=HLXrAdK1iZ4
Tommy Lee Royce's nail-biting escape from prison | Happy Valley - BBC,2023-01-27T19:00:05Z,85406,638,0,92,2.82,https://www.youtube.com/watch?v=AzZ7tj4xcTk
An AWKWARD Christmas Day with your ex's new wife üò¨üéÑ Motherland: Last Christmas,2022-12-28T20:00:06Z,66377,463,0,36,2.22,https://www.youtube.com/watch?v=LZ0YQgJeqWw
The Coronation Choir's STUNNING performance ü§© | Coronation Concert at Windsor Castle - BBC,2023-05-07T20:43:28Z,951555,7105,0,569,3.28,https://www.youtube.com/watch?v=ncx_St_w4JM
Taylor Swift on re-recording her first 6 albums and the AMAZING response! üíï @OfficialGrahamNorton,2022-10-29T16:24:28Z,475732,11871,0,309,2.27,https://www.youtube.com/watch?v=QuOogOB7hL0
World‚Äôs Grumpiest Cat I Frozen Planet II I BBC,2022-09-23T17:03:30Z,5215724,106004,0,3121,2.98,https://www.youtube.com/watch?v=kgrV3_g9rYY
The giant water lily is VICIOUS! üò± The Green Planet  üå±BBC,2022-01-28T12:00:13Z,3519653,47846,0,2977,3.53,https://www.youtube.com/watch?v=TWSF3df6jUs
Barack Obama‚Äôs fond memories of HM Queen Elizabeth II | BBC,2022-09-17T14:14:30Z,1666424,33017,0,2655,3.45,https://www.youtube.com/watch?v=JFj1tk1vMN4
The SAS Rogue Heroes prepare to carry out more airstrip raids üò≤‚úàÔ∏è BBC,2022-11-21T15:00:14Z,383579,2936,0,211,2.9,https://www.youtube.com/watch?v=PU0FWbWDIaM
Hippos take on crocodiles for best sunbathing spot | Serengeti - BBC,2023-02-23T17:30:04Z,2782194,10677,0,684,2.28,https://www.youtube.com/watch?v=Jftq8uJ5lQ8
"""Autistic people need to be heard in this world"" | Inside Our Autistic Minds - BBC",2023-02-17T09:00:21Z,66831,1114,0,153,3.52,https://www.youtube.com/watch?v=WRvLluBcg0U
Take That - Greatest Day | Coronation Concert at Windsor Castle - BBC,2023-05-12T11:00:31Z,238670,1598,0,82,3.07,https://www.youtube.com/watch?v=Ut6gT_5R_1I
The incredible unity of the spider crab | Spy in the Ocean - BBC,2023-06-18T19:00:05Z,1984720,6277,0,241,3.88,https://www.youtube.com/watch?v=CpI3LCSh7zw
Student surprises judges with amazing performance ü§©  I Can See Your Voice,2022-12-24T22:00:18Z,60017,776,0,64,3.5,https://www.youtube.com/watch?v=kHjfLeXFchQ
Lou Sanders gags at a shocking dog story | The Chris and Rosie Ramsey Show - BBC,2022-05-24T13:00:03Z,181350,1571,0,68,2.43,https://www.youtube.com/watch?v=4LW-gWHSkTA
Killer whales are so clever ü§Ø | Frozen Planet II - BBC,2022-10-07T14:30:00Z,2482860,13706,0,565,2.95,https://www.youtube.com/watch?v=0TV5N5j5Imk
Prince William's moving speech for King Charles III | Coronation Concert at Windsor Castle - BBC,2023-05-07T21:51:17Z,3789399,51025,0,5224,3.67,https://www.youtube.com/watch?v=RADMoVY-EMI
Carnivorous UNDERCOVER caterpillar üêõüòé | Wild Isles - BBC,2023-03-26T19:00:03Z,1807527,23148,0,1342,3.67,https://www.youtube.com/watch?v=4JoEWdV7tpQ
The difference between imperial and metric üò¨  SAS Rogue Heroes ‚Äì BBC,2022-10-31T17:00:17Z,2319166,23538,0,3046,3.05,https://www.youtube.com/watch?v=QumXVbpw8YU
‚Å£‚ÄúShut Up‚Äù by Stormzy BUT as a Disney Princess? üëÄ üëè Yes please! ‚Å£Coming soon to #iPlayer #ThatsMyJam,2022-11-12T07:00:01Z,143659,7061,0,68,0.75,https://www.youtube.com/watch?v=0k3nBpj-4Ig
David Mitchell rants about WhatsApp for three minutes | Would I Lie To You? - BBC,2023-01-23T08:00:14Z,924400,11725,0,621,3.07,https://www.youtube.com/watch?v=JjCzkzYaFlg
Geena Davis reveals why Brad Pitt was cast in Thelma & Louise üòç | The Graham Norton Show - BBC,2022-10-23T12:00:30Z,748185,7438,0,581,2.3,https://www.youtube.com/watch?v=uWSAae2OVyQ
The toughest interview questions EVER ü´† | The Apprentice - BBC,2023-03-16T19:00:22Z,388051,3738,0,171,3.82,https://www.youtube.com/watch?v=td3PbdfU-lQ
Jax Jones and Calum Scott perform 'Whistle' on The One Show üé∂  - BBC,2023-03-23T19:00:22Z,232428,2411,0,93,2.6,https://www.youtube.com/watch?v=uskoGgQ7mUk
Catherine‚Äôs BRILLIANT comeback to Ryan's teacher‚Äôs lack of evidence | Happy Valley - BBC,2023-01-26T08:00:13Z,991967,6892,0,568,4.08,https://www.youtube.com/watch?v=cYOpxEIYjn0
Tommy Shelby meets Alfie Solomons üî• Peaky Blinders ‚Äì BBC,2022-11-04T15:00:05Z,1597393,14459,0,599,4.3,https://www.youtube.com/watch?v=7cOfn_sjlXM
The most stunning performance of 'Songbird' by Eva Cassidy üòç ‚ú®  I Can See Your Voice,2022-12-05T17:30:02Z,106288,810,0,107,3.52,https://www.youtube.com/watch?v=ObZp07f-Smk
Marriage | Trailer - BBC,2022-07-29T14:30:11Z,280410,1609,0,176,0.7,https://www.youtube.com/watch?v=sqDfqClfliE
Matt Lucas‚Äô connection to Anne Frank | Who Do You Think You Are? - BBC,2022-06-23T19:00:01Z,931148,12364,0,717,4.22,https://www.youtube.com/watch?v=6EeiHFGkmsk
The legend that is Christine! | Two Doors Down,2022-12-30T14:00:13Z,55977,358,0,42,3.7,https://www.youtube.com/watch?v=BXo5J29hRpw
Yasmin has shocking confrontation with her father over grooming young girls | Industry Series 2,2022-11-16T13:00:06Z,79194,484,0,87,3.88,https://www.youtube.com/watch?v=5JKxGxzhGSQ
Trader proves her worth by closing phenomenal deal | Industry Series 2,2022-10-05T09:00:12Z,941136,8180,0,633,4.3,https://www.youtube.com/watch?v=NAx260DygBE
Debunking moon landing conspiracy theories | QI - BBC,2023-06-13T13:00:21Z,235961,3539,0,3298,4.38,https://www.youtube.com/watch?v=SYVGorgyamU
@JasonDerulo nails OPERA version of ‚Å£‚ÄúBaby Got Back‚Äù by Sir Mix-a-Lot üî• üòÇ That's My Jam,2023-01-09T16:00:30Z,1011237,19149,0,450,3.13,https://www.youtube.com/watch?v=kR7UeWe-YvI
These gulls are VICIOUS üò± | Wild Isles - BBC,2023-03-17T15:00:22Z,585895,2457,0,105,3.7,https://www.youtube.com/watch?v=LTMYr4-758g
Peaky Blinders Series 6 Trailer üî• BBC,2022-01-01T17:58:21Z,13568821,438035,0,12090,1.6,https://www.youtube.com/watch?v=2nsT9uQPIrk
Amber Riley country and western version of ‚Å£‚ÄúWaterfalls‚Äù by TLC ü§© - BBC,2023-01-02T14:00:21Z,1023662,32515,0,1188,3.23,https://www.youtube.com/watch?v=sybtUPsUfnw
Day one at the Peaky Blinders bakery üò≤ Peaky Blinders ‚Äì BBC,2022-11-13T20:00:04Z,856496,8775,0,391,4.43,https://www.youtube.com/watch?v=CPIptNtVFQc
Yungblud on queerbaiting | Louis Theroux Interviews - BBC,2022-11-14T12:03:35Z,224015,3162,0,335,2.9,https://www.youtube.com/watch?v=Qf8Qo8bNv_o
Things You WOULDN‚ÄôT Hear on a Property Show üòÇ Mock The Week,2022-10-03T10:02:23Z,111047,1452,0,57,3.53,https://www.youtube.com/watch?v=aryH-0Gzs2Q
Polly and Grace's Showdown üò≤üî• Peaky Blinders ‚Äì BBC,2022-10-25T18:00:16Z,99477,1082,0,49,3.22,https://www.youtube.com/watch?v=ivcOQzRxD-0
We Hunt Together - Series 1 | Trailer - BBC,2023-06-16T16:00:15Z,32868,190,0,26,0.55,https://www.youtube.com/watch?v=GBYdlaLmJtM
Amanda and Alan's HILARIOUS unseen bits ü§£ | Amanda and Alan's Italian Job,2023-02-18T11:00:40Z,56248,514,0,17,3.75,https://www.youtube.com/watch?v=umQYdsiunVg
Top FIVE moments from SAS Rogue Heroes üî•ü§© BBC,2022-12-12T15:00:30Z,265085,1879,0,99,4.17,https://www.youtube.com/watch?v=UhxbjId4O5I
The Gallows Pole | Trailer - BBC,2023-05-19T15:15:02Z,94923,526,0,100,0.73,https://www.youtube.com/watch?v=j_oB2Guusk8
Philomena Cunk's most HILARIOUS interviews | Cunk on Earth - BBC,2022-11-01T16:00:11Z,3896383,106681,0,2648,5.07,https://www.youtube.com/watch?v=JWS-qfR6K3w
Queen + Adam Lambert rock ‚ÄòDon‚Äôt Stop Me Now‚Äô | Platinum Party at the Palace - BBC,2022-06-05T16:00:24Z,1515564,16179,0,1254,4.63,https://www.youtube.com/watch?v=sDTvZJ5Z-Qo
How Coldplay created their most sustainable tour yet | The One Show,2022-10-04T19:00:12Z,110762,2161,0,105,5.18,https://www.youtube.com/watch?v=_S7m04SXJpI
THE YOUNGEST EVER ENTREPRENEUR IN THE DEN | Dragons' Den - BBC,2023-03-09T22:00:31Z,154743,1264,0,112,5.27,https://www.youtube.com/watch?v=v2Wp0tHplkM
How Happy Valley's Ryan grew from a boy to a man | BBC,2023-01-20T15:30:05Z,131172,842,0,71,3.37,https://www.youtube.com/watch?v=WDx4n9UyA4A
The Tenth Doctor regenerates | Doctor Who - BBC,2022-10-20T14:00:28Z,701565,11971,0,1137,3.67,https://www.youtube.com/watch?v=RB3z8Ehk6TI
Richard Ayoade's HILARIOUS opening monologue at the BAFTAs 2022 | BBC,2022-05-24T17:00:07Z,2047104,26467,0,832,4.0,https://www.youtube.com/watch?v=Ez4-AthROow
I lost my teeth for 8 hours at Glastonbury | Would I Lie To You? - BBC,2023-01-06T22:00:16Z,149221,1448,0,94,3.72,https://www.youtube.com/watch?v=jYq0Ra9suJo
Chris Carmack nails COUNTRY version of ‚Å£‚ÄúJump Around‚Äù by House of Pain ü§© That's My Jam,2023-01-17T13:30:20Z,362392,2526,0,64,3.02,https://www.youtube.com/watch?v=_uj3GOf--94
Chloe x Halle perform FEELING GOOD üî• | The Earthshot Prize 2022 - BBC,2022-12-04T17:55:00Z,1027650,37429,0,1065,3.58,https://www.youtube.com/watch?v=QXEyhJJAO8E
Does David Mitchell have a fry-up named after him? | Would I Lie To You? - BBC,2023-02-25T22:00:13Z,383291,3997,0,155,4.17,https://www.youtube.com/watch?v=cLukw9ZO6MI
Works everytime üç∞ #TheBoyTheMoleTheFoxAndTheHorse #iPlayer,2022-12-31T07:00:30Z,18450,1506,0,0,0.32,https://www.youtube.com/watch?v=teT1YKoYZFE
Did Bob Mortimer lose his teeth to a KitKat Chunky? | Would I Lie To You? - BBC,2023-02-21T08:00:00Z,1232918,12793,0,915,4.97,https://www.youtube.com/watch?v=-2G512ayAMg
18-Year-Old Entrepreneur WOWS Dragons | Dragons' Den - BBC,2023-02-02T20:30:04Z,581939,3995,0,309,6.4,https://www.youtube.com/watch?v=Mjobty9mOFw
Katy Perry - Roar | Coronation Concert at Windsor Castle - BBC,2023-05-07T22:03:41Z,7116375,78670,0,3833,3.82,https://www.youtube.com/watch?v=znuFduBVBGE
A HIGH-ENERGY PITCH! | Dragons' Den - BBC,2023-03-02T21:00:09Z,68058,532,0,78,5.43,https://www.youtube.com/watch?v=RsTaThjbZGk
Incredible orca hunt ü§Ø #FrozenPlanet2 #BBCiPlayer #iPlayer,2022-09-13T13:34:50Z,17732281,667316,0,11123,0.97,https://www.youtube.com/watch?v=wYxnscQJ9IE
Alesha Dixon performs ‚Å£‚ÄúShut Up‚Äù by Stormzy as a DISNEY PRINCESS  üëè That's My Jam,2022-12-17T22:30:04Z,674270,10252,0,256,2.68,https://www.youtube.com/watch?v=nraCOyWfymA
Devastating secret uncovered during student's ADHD diagnosis üò≥ | Waterloo Road - BBC,2023-05-24T09:00:00Z,160365,1727,0,201,2.77,https://www.youtube.com/watch?v=a_ZQ2iYeRYs
How many brains does an octopus have? | Spy in the Ocean,2023-06-04T19:00:16Z,488963,8067,0,349,4.1,https://www.youtube.com/watch?v=minuhFCt62k
Daisy May Cooper and Lenny Rush are both legends üòÇ  Am I Being Unreasonable? ‚Äì BBC,2022-11-06T11:00:02Z,283420,2910,0,155,4.18,https://www.youtube.com/watch?v=1O-zYoxtYV0
National Anthem at Westminster Abbey üé∂üëë | The Coronation of TM The King And Queen Camilla - BBC,2023-05-06T12:24:51Z,962803,7397,0,1050,1.75,https://www.youtube.com/watch?v=zbsGS18AYyI
Mayflies Trailer - BBC,2022-12-13T12:30:12Z,56674,232,0,17,0.5,https://www.youtube.com/watch?v=TyMVqVHzx0g
Unlikely Lines from a Children‚Äôs Book üë∂üëÄ  Mock The Week,2022-10-27T14:00:12Z,66531,909,0,40,3.98,https://www.youtube.com/watch?v=G4jQYFw3E6E
Where's David Tennant when you need him? #QueenOfOz #iPlayer #CatherineTate #DoctorWho,2023-06-21T14:00:08Z,77671,6770,0,30,0.48,https://www.youtube.com/watch?v=F6xR09aJeNM
Alan Carr worked as a 'dish pig' in Australia üò≤üòÇ @OfficialGrahamNorton ‚ú® BBC,2023-01-14T16:00:13Z,54186,402,0,14,1.65,https://www.youtube.com/watch?v=TI21QA3m9fI
The Repair Shop's emotional restoration of this special family tribute ‚ù§Ô∏è | Children In Need - BBC,2022-11-18T22:30:11Z,120157,1344,0,43,7.9,https://www.youtube.com/watch?v=veIityPcKXM
Rylan Clark CRINGES in Send To All üòÇ Michael McIntyre‚Äôs Big Show,2023-01-15T15:00:00Z,221080,1761,0,52,5.48,https://www.youtube.com/watch?v=0CzfTTgQMZI
Lewis Capaldi PRANKED by Michael McIntyre toilet selfie text üòÇ Michael McIntyre‚Äôs Big Show,2023-02-07T15:00:08Z,712670,5117,0,117,5.53,https://www.youtube.com/watch?v=HR4OzvHk8Q0
We'll never forget this Take That performance üôå | Coronation Concert at Windsor Castle - BBC,2023-05-07T22:25:06Z,3261475,22630,0,2021,5.85,https://www.youtube.com/watch?v=lcrg8ZkGIi8
Wild Isles ü¶ãüçÑ | Trailer - BBC,2023-02-22T12:00:06Z,128069,1422,0,139,1.02,https://www.youtube.com/watch?v=C-KcTje9sMk
FUNNIEST Bloopers from Ghosts Series 4 | BBC,2022-11-08T17:00:02Z,800342,13558,0,409,7.57,https://www.youtube.com/watch?v=1qitT9qPrzY
Paloma Faith - Lullaby | Coronation Concert at Windsor Castle - BBC,2023-05-07T22:40:55Z,588367,4238,0,249,4.97,https://www.youtube.com/watch?v=lt6f7-sFfXo
Students hold POWERFUL silent protest | Waterloo Road,2023-02-15T10:00:09Z,54281,806,0,105,4.25,https://www.youtube.com/watch?v=GjZLbHrMHvI
Baby giraffe makes new friends | Serengeti - BBC,2023-02-26T17:30:10Z,214190,1293,0,45,3.58,https://www.youtube.com/watch?v=et-9rGM7AwE
A tale as old as time #MarieAntoinette #iPlayer,2023-02-16T20:00:18Z,155045,5521,0,164,1.0,https://www.youtube.com/watch?v=Xk-U9MawXB4
When Gordon stands up for Ashley ‚ù§Ô∏è | Colin from Accounts - BBC,2023-05-22T09:00:13Z,38345,332,0,43,2.92,https://www.youtube.com/watch?v=RjeJms_Ht4M
Mongoose pups give warthogs a spa day | Serengeti - BBC,2023-01-22T18:00:09Z,2488538,3257,0,80,2.65,https://www.youtube.com/watch?v=PPDaWR0VPdY
Ferocious face-off between baboons and lionesses | Serengeti - BBC,2023-02-05T18:00:10Z,124918,656,0,45,2.93,https://www.youtube.com/watch?v=SRb8T2rk6KE
Steeltown Murders - Trailer | BBC,2023-05-11T17:00:23Z,80322,367,0,32,1.08,https://www.youtube.com/watch?v=ksSbb9AfqSs
Jamie Dornan's 'fancy dress' fail | The Graham Norton Show - BBC,2023-01-08T14:00:14Z,294854,1653,0,23,1.37,https://www.youtube.com/watch?v=YrmD5amHUUI
The ultimate Happy Valley recap S1-S2 | BBC,2022-12-19T13:00:23Z,267993,1754,0,136,9.6,https://www.youtube.com/watch?v=viElA898PkM
HIGHLIGHTS: Argentina triumph over France in brilliant final | World Cup 2022 - BBC,2022-12-18T20:11:45Z,1059091,10284,0,1424,8.88,https://www.youtube.com/watch?v=sA-nmPB0z18
Annika ‚Äì Trailer | BBC,2023-05-21T15:30:01Z,62884,353,0,33,0.73,https://www.youtube.com/watch?v=93LoLXT3qMc
Alexander Armstrong surprised by Jamie Laing in HILARIOUS Midnight Gameshow üò±üòÇ,2023-02-15T14:01:19Z,123140,860,0,36,7.2,https://www.youtube.com/watch?v=CATkp1Zhfiw
Julia Roberts has been 'adopted' by George Clooney's family üòç | The One Show,2022-09-22T19:00:16Z,398404,2643,0,70,5.55,https://www.youtube.com/watch?v=pATVRiDcy_g
"Pedro Pascal Reacts To Becoming ""Internet Daddy"" | The Graham Norton Show - BBC",2023-02-24T22:00:30Z,468789,8269,0,184,1.9,https://www.youtube.com/watch?v=mLCO5nWc8e0
Kylie Minogue... Meet the Ghosts üò±üëª Red Nose Day 2023 - BBC,2023-03-17T22:44:51Z,253763,5317,0,249,7.23,https://www.youtube.com/watch?v=h2K7O2BB6kk
Silent Witness Series 26 | Trailer - BBC,2022-12-19T12:00:36Z,52823,258,0,48,0.5,https://www.youtube.com/watch?v=vZQmiLwJXVM
Jack Whitehall Got Insulted By An American Waitress | The Graham Norton Show - BBC,2022-12-11T13:00:06Z,65347,449,0,35,1.72,https://www.youtube.com/watch?v=DkRvtgUZ0us
Baby Got Back... The Opera? üòÇ  #ThatsMyJam #iPlayer,2023-01-09T20:00:20Z,87132,4365,0,59,0.78,https://www.youtube.com/watch?v=n3vYnBPlq1w
Star-studded spin-off of The Traitors | Red Nose Day 2023 - BBC,2023-03-20T18:00:06Z,367152,4255,0,172,10.15,https://www.youtube.com/watch?v=Fo669LZDS2M
Waterloo Road | Trailer,2023-01-01T13:00:05Z,137278,1383,0,282,0.73,https://www.youtube.com/watch?v=9lcYcziil_I
Sarah Michelle Gellar Hates Being Reminded Of How Old 'Buffy The Vampire Slayer' Is,2023-01-27T20:26:28Z,297048,3364,0,335,2.03,https://www.youtube.com/watch?v=damS0SKDSWc
"Slay It Don‚Äôt Spray It - Donny Osmond, Amber Riley, Shawn Stockman and Wany√° Morris üí¶ That‚Äôs My Jam",2023-01-01T14:00:31Z,366271,4454,0,154,5.37,https://www.youtube.com/watch?v=qE6y-laev0c
Alison Hammond can't stop laughing at rude Send to All üòÇ Michael McIntyre‚Äôs Big Show,2023-01-24T15:00:17Z,337364,3061,0,74,6.0,https://www.youtube.com/watch?v=K89jx6VuqFg
Huge office row breaks out on trading floor | Industry Series 2,2022-09-28T09:00:26Z,242344,1346,0,125,3.35,https://www.youtube.com/watch?v=PdcGSw1GRX4
Gordon Ramsay cooks BLINDFOLDED üî™üò± BBC,2022-04-08T11:00:28Z,80141,1395,0,101,2.42,https://www.youtube.com/watch?v=qwBAfwi7vgk
"Slay It Don‚Äôt Spray It with Becky Hill, Jason Derulo and Salt-N-Pepa üí¶ That‚Äôs My Jam",2023-01-08T12:00:34Z,387490,3357,0,79,5.12,https://www.youtube.com/watch?v=vphf2oS4sNg
When Range Rover off-roading takes a turn üöô üí¶ | Top Gear,2022-11-20T15:00:28Z,2217304,20367,0,760,2.4,https://www.youtube.com/watch?v=R-VR5fuhiig
10 Minutes-ish of Two Doors Down's Funniest Moments - BBC,2022-12-24T12:00:15Z,75762,447,0,81,10.52,https://www.youtube.com/watch?v=URLsLKBLncs
Classic GOLDEN moments from 500 episodes of The Graham Norton Show ‚≠êÔ∏è | BBC,2023-01-13T12:00:24Z,1344136,13956,0,276,9.7,https://www.youtube.com/watch?v=lv1jcI0oFDw
Baboon troop clash with pack of cheetahs | Serengeti - BBC,2023-02-12T17:30:05Z,1199285,5967,0,386,3.18,https://www.youtube.com/watch?v=rienIm7EqO4
Why does Adele disappear after every album? | The Graham Norton Show - BBC,2022-02-14T16:00:23Z,120973,1247,0,100,1.58,https://www.youtube.com/watch?v=y03M7FV7BbY
Regeneration explained! ü§Ø | Doctor Who - BBC,2022-10-19T15:30:00Z,44333,1864,0,228,1.65,https://www.youtube.com/watch?v=3BrV6yk6jFk
Andrew Garfield got the job with a LIE | The Graham Norton Show - BBC,2022-02-19T19:00:00Z,55038,1206,0,24,1.48,https://www.youtube.com/watch?v=1OASyn-S9rg
Helen Skelton & Gorka Marquez dance Couple's Choice to Mein Herr from Cabaret üíÉ ‚ú® BBC Strictly 2022,2022-12-05T20:00:09Z,179694,636,0,32,2.3,https://www.youtube.com/watch?v=kZxIAilF3vE
Emma Corrin Has No Idea What They Wore | The Graham Norton Show - BBC,2022-11-06T08:00:30Z,59952,452,0,267,1.75,https://www.youtube.com/watch?v=mcP6KtneoQA
The coffee makers who saved their pitch midway | Dragons' Den ‚Äì BBC,2022-02-12T07:00:06Z,118796,1118,0,144,5.7,https://www.youtube.com/watch?v=S8JY_4NIbB4
Rosie stitches up Chris Ramsey in HILARIOUS Midnight Gameshow üò±üòÇ Michael McIntyre‚Äôs Big Show,2023-01-31T09:00:33Z,352031,2719,0,135,8.98,https://www.youtube.com/watch?v=p9YSBaMxHt4
Jamie Lee Curtis had to have a guard to watch her own movie! | The Graham Norton Show - BBC,2022-10-02T10:00:12Z,53275,642,0,45,1.47,https://www.youtube.com/watch?v=A0ASO9htcO4
Michael McIntyre's AWKWARD makeover text to Stacey's Dooley's boss üò¨üò± | Michael McIntyre‚Äôs Big Show,2023-02-13T12:00:26Z,193500,1248,0,56,6.73,https://www.youtube.com/watch?v=qM4uHkEErws
"Cheers, pal #ColinFromAccounts #iPlayer",2023-05-12T09:00:23Z,13732,342,0,3,0.68,https://www.youtube.com/watch?v=WfRnDDQ46Z0
Claude Littner is BACK! | THE APPRENTICE - BBC,2023-03-19T09:30:22Z,57654,394,0,153,3.03,https://www.youtube.com/watch?v=rOz_FygYq-w
Magpie Murders Trailer | BBC,2023-04-01T17:00:31Z,41859,467,0,41,0.45,https://www.youtube.com/watch?v=jDobQD1T3_c
What can you do on the underground in summer that a cow can't? | QI - BBC,2023-03-09T14:00:00Z,52465,805,0,30,3.58,https://www.youtube.com/watch?v=-cmQNkZx8hI
From homelessness to businessman  | Dragons' Den - BBC,2023-01-13T19:00:13Z,66588,390,0,70,4.03,https://www.youtube.com/watch?v=b-TjN01yOiI
SHOCKING slug mating üò≥ | Wild Isles,2023-02-14T09:00:11Z,365959,3728,0,473,2.77,https://www.youtube.com/watch?v=LT3FSHlckDU
"""Linda ‚ÄòBrutal‚Äô Plant strikes again ‚ö°Ô∏è | The Apprentice  - BBC",2023-03-18T09:30:12Z,91100,306,0,142,3.4,https://www.youtube.com/watch?v=xtiuqauhUXc
Claire Foy's Daughter Trolled Her On Netflix | The Graham Norton Show,2023-01-28T22:00:25Z,133923,296,0,20,1.05,https://www.youtube.com/watch?v=jFosWZQjllU
What is the biggest Christmas present ever? - QI,2022-12-24T10:00:19Z,62104,1042,0,61,3.02,https://www.youtube.com/watch?v=OLMHl_xklE4
"Philomena Cunk, your substitute music teacher üéµ | Cunk on Earth",2022-10-25T13:00:32Z,455590,15443,0,530,2.6,https://www.youtube.com/watch?v=cOg4J1PxU0c
Michael McIntyre's smelly rash text prank on Jonathan Ross ü•¥üòÇ Michael McIntyre‚Äôs Big Show,2023-01-29T20:00:08Z,265765,1688,0,42,5.38,https://www.youtube.com/watch?v=Ux8ePpb4O4I
When they get it wrong again and again and AGAIN | The Cleaner - BBC,2023-05-08T12:00:14Z,105743,1141,0,79,3.88,https://www.youtube.com/watch?v=NUgojNFZjis
Pedro Pascal Forgot He Was Cast In The Last Of Us | The Graham Norton Show,2023-02-25T08:00:16Z,992192,15934,0,360,3.18,https://www.youtube.com/watch?v=U5vV_VK4oLc
What's the effect of giving cocaine to a toddler? - QI,2022-12-18T07:00:00Z,210899,4467,0,291,3.42,https://www.youtube.com/watch?v=05EH4VG5PbE
James Norton's RISKY dip in the sea | The Graham Norton Show - BBC,2023-01-07T12:52:27Z,45351,209,0,10,1.28,https://www.youtube.com/watch?v=p102Zhkc5nU
Sue's life is TRANSFORMED after clearing clutter | Sort Your Life Out - BBC,2023-02-16T13:00:32Z,44009,525,0,24,5.35,https://www.youtube.com/watch?v=bf4j41ut1xw
Amanda and Alan's Italian Job | Trailer üë∑ - BBC,2022-12-22T10:00:08Z,34956,210,0,24,0.5,https://www.youtube.com/watch?v=J4aGrwoJb1Q
"Slay It Don‚Äôt Spray It with Tom Ellis, Tom Grennan, Patsy Palmer and Billy Boyd üí¶ That‚Äôs My Jam",2023-01-22T12:00:19Z,361883,5247,0,117,5.87,https://www.youtube.com/watch?v=UfKQbcCdOQM
Floodlights | Trailer - BBC,2022-05-04T12:00:21Z,36754,278,0,26,0.6,https://www.youtube.com/watch?v=v2hKKaI-3-I
Michael McIntyre makes Everton fan's dreams come true üò≠üíô Michael McIntyre‚Äôs Big Show,2023-02-04T20:00:30Z,236023,3103,0,187,15.2,https://www.youtube.com/watch?v=tt254yQWRAw
What Could This Man Do In 28 Seconds? | QI - BBC,2023-05-17T20:00:18Z,45501,737,0,40,2.07,https://www.youtube.com/watch?v=PWRFfNKZeWA
Milk in first or tea in first? | QI - BBC,2023-01-10T14:00:14Z,27881,364,0,64,1.72,https://www.youtube.com/watch?v=InWGdojtWys
TV gameshow prank takes HUGE emotional twist üò≠‚ù§Ô∏è Michael McIntyre's Big Show - BBC,2023-02-23T17:00:25Z,176490,1167,0,36,7.92,https://www.youtube.com/watch?v=_Zul7sYSlPA
Katherine Ryan's husband TORCHED her cat's house üê±üî• | The Chris & Rosie Ramsey Show - BBC,2023-06-21T10:00:39Z,55388,416,0,114,2.85,https://www.youtube.com/watch?v=tXbG1oRZMgI
Missing student Matthew | Reported Missing - BBC,2022-10-12T16:15:00Z,225809,3021,0,154,5.13,https://www.youtube.com/watch?v=NMayxlwlbXE
An easy peasy chocolate treat for someone special! üç´ #StaceySolomon #CraftyChristmas #iPlayer,2022-12-19T14:30:18Z,25757,633,0,16,1.0,https://www.youtube.com/watch?v=oc03Nxzps9U
Ronan Keating's Amazon habit is out of control üòÇ #TheChrisAndRosieRamseyShow #iPlayer,2023-06-04T11:00:00Z,43664,820,0,13,0.7,https://www.youtube.com/watch?v=a0vLTaRrv1w
Olivia Colman HAD to take this from the set of The Crown | The Graham Norton Show - BBC,2022-12-30T16:30:01Z,25889,396,0,7,1.4,https://www.youtube.com/watch?v=6b3xOjAuldk
A job offer from a Dragon ü§Ø | Dragons' Den - BBC,2023-01-07T14:00:32Z,96971,557,0,95,4.1,https://www.youtube.com/watch?v=jOpW_pYl5Fc
Ignacio Lopez debunks Welsh names üò≤üòÇ Live At The Apollo,2023-02-11T14:00:09Z,32647,432,0,23,3.02,https://www.youtube.com/watch?v=A0J5_pXlvzU
Our 15 Seconds of Fame extras experience their moment in the spotlight | BBC Centenary,2023-01-24T14:00:00Z,4301,85,0,5,1.5,https://www.youtube.com/watch?v=aBukH92v5BM
I got into a Christmas elf FIGHT! | Would I Lie To You? - BBC,2022-12-30T22:00:18Z,160032,1411,0,92,3.55,https://www.youtube.com/watch?v=WTFkC-ftehU
The most laid back pitch EVER!  | Dragons' Den - BBC,2023-01-26T21:00:17Z,103538,712,0,107,5.08,https://www.youtube.com/watch?v=o4_zIR7P1o0
Can you name a yellow tropical fruit without an 'N'? | QI - BBC,2023-06-23T08:00:31Z,271528,2660,0,338,4.75,https://www.youtube.com/watch?v=hL-efGHF2y8
"""My husband is the only person who's seen me unmasked"" | Inside Our Autistic Minds",2023-02-15T11:00:26Z,62918,1131,0,115,5.48,https://www.youtube.com/watch?v=i0fO9GDltlA
EVERY GARDEN NEEDS A RAKE | Dragons' Den - BBC,2023-02-23T21:00:01Z,75709,257,0,26,4.67,https://www.youtube.com/watch?v=aOGpqoNyZbo
What is The Traitors all about? | The Traitors,2022-11-28T11:00:21Z,37920,400,0,100,1.45,https://www.youtube.com/watch?v=LMMfLOo-g3Q
Hugh Jackman on meeting Dame Judi Dench for the first time | The Graham Norton Show - BBC,2023-02-18T16:00:08Z,49348,773,0,6,1.22,https://www.youtube.com/watch?v=KWQTL3u6Asc
The story behind the documentary | Matt Willis: Fighting Addiction - BBC,2023-05-16T17:24:28Z,61756,486,0,69,5.55,https://www.youtube.com/watch?v=h5O64GZLX4Q
Strike - Troubled Blood | Trailer,2022-12-15T16:00:00Z,27491,274,0,14,0.7,https://www.youtube.com/watch?v=-jEWPMkwwrE
Sir David Attenborough shares memories of King Charles III | The Eve of the Coronation - BBC,2023-05-05T21:00:03Z,179846,2946,0,396,6.62,https://www.youtube.com/watch?v=3Z-8qReitcM
The Thirteenth Doctor's Era üíôüíô Trailer - The Power of the Doctor @DoctorWho - BBC,2022-10-16T18:30:51Z,30112,709,0,193,1.97,https://www.youtube.com/watch?v=vqzdB7eBhKs
"Make your own pampas grass wreath, just like Stacey and Mrs Hinch üíê #SortYourLifeOut",2023-01-27T14:00:25Z,11548,312,0,20,1.0,https://www.youtube.com/watch?v=J3-l-gq5xb8
Howay Michael Whitehall üòÇ #TheChrisAndRosieRamseyShow #iPlayer,2023-05-27T11:00:23Z,17438,381,0,4,1.0,https://www.youtube.com/watch?v=NRtWDMW4A-w
Suranne Jones Was Gutted She Couldn't Actually Be Dropped From A Helicopter | @OfficialGrahamNorton,2022-12-17T19:33:58Z,21547,262,0,9,2.07,https://www.youtube.com/watch?v=0m8O6Gd9c-o
"Mo Gilligan and Alesha Dixon RAP Robbie Williams' ""Let Me Entertain You"" üî• That's My Jam",2022-12-19T14:00:07Z,202902,2200,0,49,5.07,https://www.youtube.com/watch?v=CxGeUoN6vSY
BIGGEST shoe collection ever! üë† #SortYourLifeOut #StaceySolomon #iPlayer,2023-02-09T14:00:25Z,13690,322,0,17,0.98,https://www.youtube.com/watch?v=VCWhgQs-Q7o
Dramatic police chase through school wreaks havoc | Waterloo Road,2023-01-09T10:00:33Z,57742,498,0,43,3.18,https://www.youtube.com/watch?v=zrqUX0lTZvc
"Slay It Don‚Äôt Spray It with Alesha Dixon, Michelle Visage, Kevin McHale and Jenna Ushkowitz üí¶ BBC",2022-12-21T11:00:24Z,768540,8993,0,166,6.05,https://www.youtube.com/watch?v=gK8-ij22mGE
When your jokes fall flat üò¨ #TheCleaner #iPlayer,2023-03-27T14:00:38Z,10625,307,0,8,0.6,https://www.youtube.com/watch?v=ua2J6cjiX9g
"Slay It Don‚Äôt Spray It with Kimberly Wyatt, Gina Yashere, Chris Carmack and Camilla Luddington üí¶",2023-01-15T11:00:21Z,287957,3432,0,64,6.1,https://www.youtube.com/watch?v=fU2U_99On2I
I turned down Prince to watch my favourite quiz show | Would I Lie To You? - BBC,2023-01-30T08:00:01Z,195659,1589,0,144,3.8,https://www.youtube.com/watch?v=1zIvTfI0fcU
Stephen Graham Was Mistaken For Craig From Big Brother | The Graham Norton Show - BBC,2022-10-22T15:19:28Z,29455,270,0,10,1.93,https://www.youtube.com/watch?v=KIPXld4Kl8w
PSA: Don't put your child in rice... #TheChrisAndRosieRamseyShow #iPlayer,2023-05-29T10:00:12Z,21348,565,0,8,0.42,https://www.youtube.com/watch?v=Ek6d078hoTU
Okay Chrishell nails this ü™©üé∂ #ThatsMyJam #iPlayer,2023-02-17T19:00:16Z,41434,1065,0,10,0.63,https://www.youtube.com/watch?v=P39dC767sqw
Tokyo Vice | Trailer - BBC,2022-11-22T16:18:33Z,30100,355,0,46,0.57,https://www.youtube.com/watch?v=GNQw4cZXBk8
How do hearing parents navigate finding out their child is deaf? Rose Ayling-Ellis: Signs for Change,2023-06-29T13:30:11Z,15614,216,0,22,2.82,https://www.youtube.com/watch?v=_5pj5zpjTOU
George Tekai Reveals The Origin Of 'Oh My' | @OfficialGrahamNorton ‚≠êÔ∏è BBC,2022-12-02T22:45:00Z,38259,876,0,55,2.13,https://www.youtube.com/watch?v=F4IZPFmknrQ
Shirley Ballas on the loss of her brother | Unbreakable - BBC,2022-11-13T10:00:00Z,12835,104,0,13,2.9,https://www.youtube.com/watch?v=-wh4AkXtmp0
Is there no such thing as a fish? | QI - BBC,2023-02-08T16:00:37Z,27681,415,0,40,2.58,https://www.youtube.com/watch?v=ySaXJO0-220
John Bishop was Ian McKellen's first screen husband  - what a duo üòÇ üê§@OfficialGrahamNorton ‚≠êÔ∏è BBC,2022-11-26T18:00:04Z,43013,324,0,16,1.5,https://www.youtube.com/watch?v=6KwQjtmWxb4
Is Gemma Collins a tree hugger? | Would I Lie To You? - BBC,2023-03-25T19:00:13Z,74160,950,0,49,3.47,https://www.youtube.com/watch?v=bLkKjeZeOYM
The Gold | Trailer - BBC,2023-01-20T16:00:23Z,363369,828,0,118,1.1,https://www.youtube.com/watch?v=gShXixufXqY
Is Tom Allen a boxing pro? | Would I Lie To You?  - BBC,2023-04-04T13:30:11Z,79854,822,0,40,4.25,https://www.youtube.com/watch?v=JtykwRayQZw
How to embarrass yourself at your Nan's funeral üò≥üòÇ | The Chris & Rosie Ramsey Show - BBC,2023-06-15T11:00:22Z,20141,223,0,4,2.52,https://www.youtube.com/watch?v=cL19YAUaIt8
James McAvoy breaks down Lord Asriel‚Äôs complex character | His Dark Materials - BBC,2023-01-11T16:00:02Z,15446,347,0,38,2.52,https://www.youtube.com/watch?v=3QDn2ZVQv0Y
@thereallukeevans performs Bridge Over Troubled Water ‚ú® BBC Strictly 2022,2022-11-07T19:00:00Z,21378,297,0,30,3.28,https://www.youtube.com/watch?v=04tc3HcJXf4
Jack's 'Bit of Drama' Nursery Room | Interior Design Masters - BBC,2023-03-15T09:00:27Z,10537,141,0,14,3.62,https://www.youtube.com/watch?v=qF9hKGdMfPw
What if I don‚Äôt know what love is? | Ralph & Katie,2022-10-11T12:00:33Z,10338,165,0,6,3.03,https://www.youtube.com/watch?v=ZgbUAygM2G4
Anya Taylor-Joy on becoming famous during lockdown | The Graham Norton Show - BBC,2022-11-13T09:00:24Z,1814544,20151,0,928,1.35,https://www.youtube.com/watch?v=dSuu8ffKK_g
Have you done this version of Route 66? | QI - BBC,2023-05-19T14:00:32Z,21202,335,0,33,1.92,https://www.youtube.com/watch?v=ZHi0vhEmeLQ
I used to be a medieval Frenchman in a past life | Would I Lie To You? - BBC,2023-01-13T22:00:17Z,199408,2020,0,246,5.08,https://www.youtube.com/watch?v=iWL6lDRMO2U
The Smeds and The Smoos | Trailer - BBC,2022-12-06T16:00:03Z,43733,267,0,0,1.05,https://www.youtube.com/watch?v=BHUqHjny9mo
Which is the world's longest animal? | QI - BBC,2023-01-28T08:00:00Z,30646,301,0,27,3.02,https://www.youtube.com/watch?v=1GYervLg-1k
Bella Ramsey was terrified watching The Last Of Us | The One Show - BBC,2023-02-17T12:30:19Z,148124,2996,0,195,3.67,https://www.youtube.com/watch?v=OhAevj74vHU
Could Hugh Jackman have been 007? | The Graham Norton Show - BBC,2023-02-18T19:00:17Z,44029,422,0,15,1.8,https://www.youtube.com/watch?v=h7wcyHsJuPg
"Emily Blunt and Chaske Spencer on horse allergies, funny auditions and The English | The One Show",2022-11-10T13:02:31Z,169383,1124,0,162,4.95,https://www.youtube.com/watch?v=hBWeHfP2S98
Babatunde Aleshe's guide to parenting | Live At The Apollo - BBC,2023-01-23T12:00:10Z,61049,474,0,25,3.47,https://www.youtube.com/watch?v=DN19iWuGwP4
AMAZING Cher tribute act performance ü§© I Can See Your Voice - BBC,2022-11-05T22:00:18Z,46617,548,0,52,2.83,https://www.youtube.com/watch?v=c_1RoX8VSkg
You're invited to John & Esme's wedding! | Peaky Blinders ‚Äì BBC,2022-10-10T14:00:18Z,42776,577,0,20,3.0,https://www.youtube.com/watch?v=_MkLMaC9tRk
Are you SURE you want an honest opinion?! | The Cleaner - BBC,2023-04-02T17:00:30Z,20688,296,0,12,2.97,https://www.youtube.com/watch?v=cNHmWZugm4Q
Denise Welch and Lincoln Townley on giving up alcohol | Unbreakable - BBC,2022-10-24T20:30:02Z,19337,239,0,26,2.92,https://www.youtube.com/watch?v=R_fBqePYVP4
Incredible surgery to remove over 100 fibroids | Your Body Uncovered With Kate Garraway - BBC,2022-03-03T07:00:07Z,96923,2047,0,402,5.7,https://www.youtube.com/watch?v=_wqHs7b76SQ
I accidently became a chauffeur to one of The Jackson 5 | Would I Lie To You? - BBC,2023-02-18T13:00:14Z,146726,1752,0,98,5.13,https://www.youtube.com/watch?v=Bb2ae4dQzwQ
How the crime bill impacted America | Fight the Power,2023-01-28T21:00:22Z,13752,325,0,75,3.02,https://www.youtube.com/watch?v=W5uDCgLw2e4
Which celebrity is this story about? üëÄ | The Chris & Rosie Ramsey Show,2023-05-24T10:45:53Z,10170,150,0,7,3.02,https://www.youtube.com/watch?v=NyPub_Od25Y
Michelle Williams On Working With A Scene Steal Monkey | The Graham Norton Show - BBC,2023-01-21T16:00:18Z,27346,212,0,8,2.13,https://www.youtube.com/watch?v=j-F7-wnH9Fg
The English | Brand NEW trailer üî• BBC,2022-10-27T10:00:06Z,103866,451,0,62,0.77,https://www.youtube.com/watch?v=6ocyF_Iuj7U
Detectives have tense undercover dinner | The Gold - BBC,2023-03-20T12:00:23Z,15163,120,0,9,3.58,https://www.youtube.com/watch?v=eRTKTf3EMiE
A very messy pasta-making lesson | Anton and Giovanni's Adventures in Sicily - BBC,2023-04-04T21:00:31Z,50221,375,0,26,3.28,https://www.youtube.com/watch?v=ptjGRt6QBN4
BOISTEROUS bucks fighting üò§ü¶å | Wild Isles - BBC,2023-03-23T11:00:03Z,33023,491,0,43,3.32,https://www.youtube.com/watch?v=5_U6tMT3DZI
The BEST reason behind a dog's name ever | Better - BBC,2023-02-14T16:00:22Z,8837,142,0,8,3.87,https://www.youtube.com/watch?v=nbjgzz5o1_0
"Ruby Wax, Mel B & Emily Atack's EPIC Wild West adventure üá∫üá∏ Trailblazers: A Rocky Mountain Road Trip",2022-11-24T17:00:35Z,17956,157,0,22,2.15,https://www.youtube.com/watch?v=kdQh1VvxLjg
Ralph‚Äôs cancer scare üíï Ralph & Katie,2022-11-02T17:00:01Z,7396,159,0,9,3.2,https://www.youtube.com/watch?v=0pFFSBEvif0
Wicky gets a rude awakening | The Cleaner - BBC,2023-05-04T14:00:13Z,21155,386,0,19,3.4,https://www.youtube.com/watch?v=KKx_rBmT-6U
Will Tony Hadley's duet partner be GOLD? ü•á I Can See Your Voice - BBC,2022-10-15T21:00:12Z,49061,527,0,75,3.2,https://www.youtube.com/watch?v=TJ9ISPR5WCY
Clive Myrie had a pretty dramatic trip to Ukraine @OfficialGrahamNorton ‚≠êÔ∏è BBC,2022-11-27T16:00:06Z,49438,429,0,50,3.05,https://www.youtube.com/watch?v=FDyVVoMy_JY
Visiting Nelson Mandela‚Äôs Prison Cell | Oti Mabuse: My South Africa,2022-11-21T19:00:08Z,35200,158,0,43,3.57,https://www.youtube.com/watch?v=NEX0oBAq5CE
OUR FAVOURITE ALAN CARR MOMENTS | Interior Design Masters - BBC,2023-05-04T13:30:09Z,15340,230,0,7,3.03,https://www.youtube.com/watch?v=R9alwflxB3c
WHEN OPPOSITES ATTRACT | Interior Design Masters - BBC,2023-04-12T20:00:05Z,12583,129,0,6,3.93,https://www.youtube.com/watch?v=6BG9wlbRwSY
"'If you talk about it, you're not alone.' | Matt Willis: Fighting Addiction - BBC",2023-05-19T12:30:06Z,46855,338,0,36,4.03,https://www.youtube.com/watch?v=Bmo1JMqMuFo
"Tea, gata and some tough love from Lou's mum | Better - BBC",2023-03-19T18:00:20Z,9009,81,0,4,3.33,https://www.youtube.com/watch?v=wPMWjcWCUUI
The turf war starts now | The Cleaner - BBC,2023-04-21T18:00:28Z,17892,253,0,16,2.7,https://www.youtube.com/watch?v=jjLCWBJsfzU
Is borrowing money from friends ever a good idea? | Dragons' Den - BBC,2023-01-12T14:00:12Z,24172,232,0,35,4.2,https://www.youtube.com/watch?v=VlWfgYT_4sY
Everybody loves a singalong üé∂ | Ten Pound Poms - BBC,2023-06-14T14:30:08Z,10217,156,0,6,3.23,https://www.youtube.com/watch?v=TLi9MOO5B4Q
What's the roundest thing in the universe? | QI - BBC,2023-05-08T15:00:36Z,34103,718,0,56,3.4,https://www.youtube.com/watch?v=iwmHGck1hGM
"The Vivienne sings ""Walking on Sunshine"" as DONALD TRUMP! üò±üòÇ That's My Jam",2023-01-30T23:00:16Z,38318,619,0,44,2.77,https://www.youtube.com/watch?v=UIPVc5riHt4
Lou & Col's INTENSE car wash catch-up | Better - BBC,2023-03-07T12:00:26Z,16335,75,0,4,3.1,https://www.youtube.com/watch?v=gNcX_UTAV5E
Learning to read as an adult | Miriam Margolyes: Australia Unmasked,2022-12-23T19:00:08Z,30657,606,0,48,3.88,https://www.youtube.com/watch?v=PUi7ucsu3Rw
@LewisCapaldi performs Pointless in the Ballroom ‚ú® BBC Strictly 2022,2022-12-13T14:05:38Z,15654,252,0,18,3.28,https://www.youtube.com/watch?v=xqmNhMbMcSY
Suzi Ruffell and the worst smear test EVER | Live At The Apollo - BBC,2023-02-04T12:00:12Z,49183,1136,0,67,3.72,https://www.youtube.com/watch?v=FqeBOezfktY
The most EMBARASSING teenage confession üòÇ The Chris & Rosie Ramsey Show - BBC,2023-06-09T10:00:13Z,16487,80,0,5,2.77,https://www.youtube.com/watch?v=JrPD1qnWG70
Slang Quiz with cast of Black Ops üëÄüòÇ Black Ops - BBC,2023-05-29T17:00:26Z,10486,128,0,12,4.33,https://www.youtube.com/watch?v=RbmmLrm9XF4
Will Luther be the next Bond franchise? ü§ûüëÄ | The One Show - BBC,2023-03-03T11:34:34Z,21205,230,0,62,4.22,https://www.youtube.com/watch?v=mZwok7D3ED8
First glimpse of Olivia Colman as Miss Havisham üëÄüò± Great Expectations - BBC,2023-03-27T10:30:03Z,39323,417,0,58,3.45,https://www.youtube.com/watch?v=Bl8LqAlJA8c
"Strictly Pros perform a colourful routine to """"2 Be Loved"""" by Lizzo ‚ú® BBC Strictly 2022",2022-11-29T12:00:03Z,12311,179,0,9,2.68,https://www.youtube.com/watch?v=79lVgZzUe8w
"Mo Gilligan and Alesha Dixon RAP Robbie Williams' ""Let Me Entertain You"" üî• That's My Jam",2022-12-19T14:00:07Z,202902,2200,0,49,5.07,https://www.youtube.com/watch?v=CxGeUoN6vSY
Getting Independent Artists Heard | Dragons' Den - BBC,2023-02-16T21:00:04Z,20552,167,0,32,4.97,https://www.youtube.com/watch?v=6yau124ewUg
A very wet relationship test | Unbreakable - BBC,2022-10-07T10:44:10Z,8972,155,0,13,4.32,https://www.youtube.com/watch?v=W8DbohXYqH4
James McAvoy's EPIC Asriel speech üëè His Dark Materials,2023-02-10T17:00:34Z,38896,275,0,28,3.67,https://www.youtube.com/watch?v=j0Fht4WkR90
Anne-Marie Duff wins Supporting Actress BAFTA ‚≠êÔ∏è  | BAFTA TV Awards 2023 - BBC,2023-05-14T18:36:05Z,29649,297,0,31,2.67,https://www.youtube.com/watch?v=HDZc0KRaELE
Michael McIntyre makes Everton fan's dreams come true üò≠üíô Michael McIntyre‚Äôs Big Show,2023-02-04T20:00:30Z,236023,3103,0,187,15.2,https://www.youtube.com/watch?v=tt254yQWRAw
POTTY TRAINING IN A CUP | Dragons' Den - BBC,2023-02-17T15:15:41Z,39758,256,0,56,4.97,https://www.youtube.com/watch?v=4eMgioASQKA
Unexpected Star: Anne duets with her hero ‚ù§Ô∏è Michael McIntyre‚Äôs Big Show,2023-01-21T10:00:26Z,71382,468,0,39,4.62,https://www.youtube.com/watch?v=tsuE0H3GPPk
Changing the conversation around addiction | Matt Willis: Fighting Addiction - BBC,2023-05-17T21:00:08Z,26036,263,0,30,6.35,https://www.youtube.com/watch?v=EtsSvis3bEM
How did the giant tortoise get its name? | QI  - BBC,2023-06-26T14:30:22Z,25493,545,0,23,4.2,https://www.youtube.com/watch?v=Zp2MjLXjomw
Tommy Shelby's BEST moments üòéüòç Peaky Blinders ‚Äì BBC,2022-04-11T12:00:36Z,1114548,12313,0,247,3.38,https://www.youtube.com/watch?v=vz5rznETwbw
"Emma, Oti and Rylan take on a TOUGH Red Nose Day challenge üî¥üèîÔ∏è‚ùÑÔ∏è | Red Nose Day - BBC",2023-03-15T12:30:16Z,6152,106,0,4,4.47,https://www.youtube.com/watch?v=b4m_DR7sBUU
Anton and Gio try a not-so healing sound bath | Adventures in Sicily - BBC,2023-03-21T22:00:17Z,22285,156,0,8,3.38,https://www.youtube.com/watch?v=TLFryx-jdww
A HUGE confession from both Tom and Giovanna Fletcher üòÇ   BBC,2022-06-16T16:00:46Z,46678,504,0,19,2.85,https://www.youtube.com/watch?v=zB3dM01US1M
NO MORE RUNAWAY DOGS | Dragons' Den - BBC,2023-02-09T21:00:33Z,34504,325,0,51,4.7,https://www.youtube.com/watch?v=y5FVe_a5zzI
JACK'S JAPANDI THEMED SALON | Interior Design Masters,2023-04-20T16:00:23Z,6759,100,0,8,4.58,https://www.youtube.com/watch?v=VpmboGlFBU4
"Slay It Don‚Äôt Spray It with Tom Ellis, Tom Grennan, Patsy Palmer and Billy Boyd üí¶ That‚Äôs My Jam",2023-01-22T12:00:19Z,361883,5247,0,117,5.87,https://www.youtube.com/watch?v=UfKQbcCdOQM
"‚Äã @rinasawayamaofficial performs ""This Hell"" in the Ballroom ‚ú® BBC Strictly 2022",2022-11-02T16:00:03Z,14598,348,0,22,3.28,https://www.youtube.com/watch?v=7BzjAVaQNvY
Simon Webbe and his WORST duet partner ever üòÇ  I Can See Your Voice,2022-12-10T22:00:07Z,19129,207,0,42,3.53,https://www.youtube.com/watch?v=NnTOIfuUIdE
When a bungee jump doesn't go to plan üò± A Wright Family Holiday - BBC,2023-06-30T10:00:44Z,17008,168,0,16,3.37,https://www.youtube.com/watch?v=qdZsar-j_rk
"Slay It Don‚Äôt Spray It with Alesha Dixon, Michelle Visage, Kevin McHale and Jenna Ushkowitz üí¶ BBC",2022-12-21T11:00:24Z,768540,8993,0,166,6.05,https://www.youtube.com/watch?v=gK8-ij22mGE
Tommy and Catherine's twisted relationship | Happy Valley,2023-01-14T08:00:28Z,106183,616,0,30,3.37,https://www.youtube.com/watch?v=g0_lZZTOM1c
The worst first date EVER üòß Great Expectations  - BBC,2023-04-29T07:00:16Z,14543,220,0,66,4.83,https://www.youtube.com/watch?v=fXz9jmx5p9Q
"Tom Grennan's amazing crooner version of ""Best of You"" by Foo Fighters üò± That's My Jam",2023-01-25T10:00:21Z,66690,278,0,27,2.63,https://www.youtube.com/watch?v=UCxqjzn7wyc
The creepiest challenge ever üò± | The Traitors,2022-12-08T08:00:30Z,18116,197,0,18,4.8,https://www.youtube.com/watch?v=vYweV0QdcB0
Where is the most leaning tower in the world? | QI - BBC,2023-02-11T13:00:04Z,62885,809,0,38,3.85,https://www.youtube.com/watch?v=B15nTYlhVts
Bringing the creatures of Series 3 to life - Behind the Scenes | His Dark Materials - BBC,2023-01-13T11:00:03Z,15475,358,0,18,9.15,https://www.youtube.com/watch?v=5KMla_O1gEo
"""We can do it. We must do it."" üå±‚ùÑÔ∏è | Frozen Planet II - BBC",2022-10-16T20:00:07Z,24614,791,0,104,3.53,https://www.youtube.com/watch?v=_9GKWJC6F2Y
"Slay It Don‚Äôt Spray It with Kimberly Wyatt, Gina Yashere, Chris Carmack and Camilla Luddington üí¶",2023-01-15T11:00:21Z,287957,3432,0,64,6.1,https://www.youtube.com/watch?v=fU2U_99On2I
50 Fabulous Questions from Mastermind | BBC,2022-09-20T16:00:06Z,14502,185,0,12,8.78,https://www.youtube.com/watch?v=CO8dwn5vVtE
"EXTREME SCRAPYARD DEATH RACE with Paddy, Freddie & Chris | Top Gear - BBC",2022-06-27T11:00:00Z,9306,338,0,26,7.0,https://www.youtube.com/watch?v=aBVgpYKPkUE
Sara Pascoe spent an eventful night in the desert üò± Sara Pascoe: Last Woman On Earth - BBC,2023-04-25T17:00:25Z,11456,128,0,11,4.45,https://www.youtube.com/watch?v=pCEzoP1YvkE
Why you shouldn't pick on a mongoose | Serengeti - BBC,2023-01-12T18:00:11Z,1211205,3290,0,122,3.55,https://www.youtube.com/watch?v=YdczCM2SSis
Planning a murder | Happy Valley,2023-01-15T22:00:12Z,17566,141,0,42,3.05,https://www.youtube.com/watch?v=jV8GKUNQ8wI
@maemuller and Rylan on Eurovision and their love for Sam Ryder üòç | The One Show - BBC,2023-03-19T18:00:31Z,24758,142,0,41,5.08,https://www.youtube.com/watch?v=tzWzyAoCUjE
Have you heard of Brink's-Mat? | The Gold - BBC,2023-04-03T14:03:19Z,5224,50,0,6,2.22,https://www.youtube.com/watch?v=wf1eBYFxJEM
"Uh-oh, Tia Kofi is fuming at Scott Mills üò§ #TheWeakestLink #iPlayer",2022-12-31T14:00:07Z,32721,901,0,27,1.0,https://www.youtube.com/watch?v=JTf1VG0jfHE
Fred Sirieix's sexy song for his fianc√© üò≥üòÇ The Chris & Rosie Ramsey Show - BBC,2023-06-12T10:00:04Z,53764,179,0,10,3.65,https://www.youtube.com/watch?v=7dck5cCiJsQ
World on Fire - Series 2 | Official Trailer - BBC,2023-06-30T15:00:03Z,82855,883,0,237,0.7,https://www.youtube.com/watch?v=3-p08dcb8dA
Incredible surgery to remove over 100 fibroids | Your Body Uncovered With Kate Garraway - BBC,2022-03-03T07:00:07Z,96923,2047,0,402,5.7,https://www.youtube.com/watch?v=_wqHs7b76SQ
Outrageous bloopers too RUDE for TV üò±  I Can See Your Voice,2023-01-07T11:00:31Z,14355,124,0,8,5.23,https://www.youtube.com/watch?v=cQ-VRL42n_8
RETAIL OF TWO HALVES | Interior Design Masters - BBC,2023-03-28T20:00:03Z,12022,98,0,6,4.73,https://www.youtube.com/watch?v=AwxN83qRUKA
Kate Winslet thanks her daughter in heartfelt Leading Actress speech ‚ù§Ô∏è | BAFTA TV Awards 2023 - BBC,2023-05-14T20:17:10Z,453592,5361,0,344,3.75,https://www.youtube.com/watch?v=uwydzV05CBs
This Is Going To Hurt - First look  üëÄ üî•BBC,2022-01-29T17:55:58Z,181720,1406,0,94,1.4,https://www.youtube.com/watch?v=xQx3Q_oSKu0
Lionel Richie - All Night Long | Coronation Concert at Windsor Castle - BBC,2023-05-07T21:39:49Z,3473859,34564,0,4640,8.82,https://www.youtube.com/watch?v=5yFe-am0q3s
Who were the Ten Pound Poms? | Ten Pound Poms - BBC,2023-06-13T12:00:29Z,14047,188,0,12,1.67,https://www.youtube.com/watch?v=kfZxKygwppE
Who were the Ten Pound Poms? | Ten Pound Poms - BBC,2023-06-13T12:00:29Z,14050,188,0,12,1.67,https://www.youtube.com/watch?v=kfZxKygwppE
What does it mean to be in a Jewish relationship? | The Highs and Lows of a Kosher Marriage - BBC,2023-04-21T20:00:05Z,18293,204,0,47,5.9,https://www.youtube.com/watch?v=NYWoamwM13w
Planning a murder | Happy Valley,2023-01-15T22:00:12Z,17566,141,0,42,3.05,https://www.youtube.com/watch?v=jV8GKUNQ8wI
Cornelia (Emily Blunt) and Eli (Chaske Spencer) in TENSE shootout üò≤üî• The English,2022-12-09T15:00:03Z,165004,689,0,41,4.3,https://www.youtube.com/watch?v=5Qc0HdsfBJc
RETAIL OF TWO HALVES | Interior Design Masters - BBC,2023-03-28T20:00:03Z,12022,98,0,6,4.73,https://www.youtube.com/watch?v=AwxN83qRUKA
Kenneth Noye on trial for Brink's-Mat horror | The Gold - BBC,2023-03-08T13:00:05Z,12911,94,0,5,3.0,https://www.youtube.com/watch?v=AGE7ziFKq1U
TERRIFYING toad massacre ü´£üê∏ | Wild Isles  - BBC,2023-04-02T19:00:16Z,4629723,33400,0,3966,3.52,https://www.youtube.com/watch?v=rOXkE35vPvg
The One Show 2022 Best Moments ‚≠êÔ∏è | The One Show - BBC,2022-12-23T22:00:21Z,21804,154,0,9,3.37,https://www.youtube.com/watch?v=f46dJ-dNuVM
BBC Eurovision 2023 | Official Trailer - BBC,2023-04-26T16:00:41Z,161751,4683,0,333,1.1,https://www.youtube.com/watch?v=XcB3gEKI4nw
When a bungee jump doesn't go to plan üò± A Wright Family Holiday - BBC,2023-06-30T10:00:44Z,17008,168,0,16,3.37,https://www.youtube.com/watch?v=qdZsar-j_rk
Peter Crouch shocked by Holly Willoughby in his BED üò± | Michael McIntyre‚Äôs Big Show,2023-01-22T15:00:17Z,1519438,16462,0,446,13.47,https://www.youtube.com/watch?v=ZSedi3K5Ots
"EXTREME SCRAPYARD DEATH RACE with Paddy, Freddie & Chris | Top Gear - BBC",2022-06-27T11:00:00Z,9306,338,0,26,7.0,https://www.youtube.com/watch?v=aBVgpYKPkUE
Bumping into your ex after SEVEN years | The Gallows Pole - BBC,2023-06-06T11:00:17Z,13800,191,0,36,4.27,https://www.youtube.com/watch?v=T5uxwJoWxww
Great Expectations ‚Äì Extended Trailer | BBC,2023-02-16T15:00:24Z,125909,794,0,587,1.98,https://www.youtube.com/watch?v=dX4L07C07zg
Waterloo Road Series 12 | Official Trailer  - BBC,2023-05-04T09:30:06Z,121022,1646,0,187,1.1,https://www.youtube.com/watch?v=RtQIG7JYxHw
The INCREDIBLE Ben Wishaw wins Best Leading Actor üôå | BAFTA TV Awards 2023 - BBC,2023-05-14T19:53:05Z,58361,716,0,121,2.02,https://www.youtube.com/watch?v=Crgcd8BV2WU
THE FUNNIEST WRONG ANSWERS THIS SERIES | The Weakest Link,2023-04-30T11:00:24Z,38169,368,0,51,3.05,https://www.youtube.com/watch?v=bLCUmKtfm-4
Stacey helps the Smith family remember their loved one | Sort Your Life Out - BBC,2023-03-04T09:00:07Z,49099,231,0,73,3.82,https://www.youtube.com/watch?v=5G3NzXY2cwA
Dramatic police chase after tense set up | The Gold - BBC,2023-03-13T10:00:00Z,14042,102,0,10,3.87,https://www.youtube.com/watch?v=1dhuh1UmDdg
Student has traumatic breakdown in class | Waterloo Road,2023-01-24T11:00:36Z,771310,9721,0,656,2.67,https://www.youtube.com/watch?v=vDHTOYm0XbI
The Terror: Infamy | Trailer - BBC,2022-05-06T10:30:01Z,27766,342,0,44,0.83,https://www.youtube.com/watch?v=BVTeqazvExc
Girl recites heartbreaking poem about late mother | Waterloo Road - BBC,2023-05-31T12:00:25Z,9390,209,0,7,2.85,https://www.youtube.com/watch?v=_EmRoNjhsCs
Rehearsal at Windsor Castle | Sing For The King - BBC,2023-05-07T10:30:09Z,101638,1003,0,66,3.25,https://www.youtube.com/watch?v=HdD8O6tq8BA
A LIFE-CHANGING PIECE OF EQUIPMENT | Dragons' Den - BBC,2023-02-10T21:00:06Z,79060,502,0,72,5.55,https://www.youtube.com/watch?v=CNE3FM_R9ic
The earliest memories of King Charles III - BBC,2023-04-30T20:00:23Z,1226085,9739,0,806,3.77,https://www.youtube.com/watch?v=tuZZXi6qxjk
Daniel Craig's dresser pretended to be the REAL Agent 007 üò≤üïµÔ∏è‚Äç‚ôÇÔ∏è @OfficialGrahamNorton ‚≠êÔ∏è BBC,2022-11-27T13:00:09Z,65119,615,0,10,1.18,https://www.youtube.com/watch?v=GKHvebpoj0g
His Dark Materials | Boxset Trailer,2022-12-19T15:30:09Z,16151,191,0,2,0.67,https://www.youtube.com/watch?v=QreVPVHN7h4
The Traitors wins Best Reality and Constructed Factual üôå | BAFTA TV Awards 2023 - BBC,2023-05-14T18:26:35Z,29430,320,0,20,2.38,https://www.youtube.com/watch?v=CinAKVW0Gtk
Emma Mackey wins Rising Star üåü | BAFTA Film 2023,2023-02-19T21:00:58Z,281053,3734,0,80,1.55,https://www.youtube.com/watch?v=OELebIXlNLI
A male perspective on online sexual harassment | Emily Atack: Asking For It? - BBC,2023-02-07T12:00:34Z,62645,306,0,236,3.53,https://www.youtube.com/watch?v=h__LZU90B-M
Sophie Okonedo's embarrassing Obama story üá∫üá∏üò≥ | The Graham Norton Show - BBC,2023-01-07T18:00:14Z,42667,629,0,30,3.02,https://www.youtube.com/watch?v=k2tJipH_wQ0
How NOT to be a pirate... ‚ò†Ô∏è | Our Flag Means Death - BBC,2023-03-17T17:00:39Z,18758,320,0,24,2.88,https://www.youtube.com/watch?v=stEEi5BF7K8
Brendan Fraser vs Crystal the Monkey!  | The Graham Norton Show - BBC,2023-01-22T20:00:21Z,95286,1008,0,50,1.67,https://www.youtube.com/watch?v=pwK3vuKUZac
Champion | Extended Trailer - BBC - BBC,2023-06-16T17:00:14Z,100876,829,0,86,2.1,https://www.youtube.com/watch?v=DbJuRN-cE4w
I guess we all hate Karen | Pretty Little Liars: Original Sin - BBC,2022-11-04T12:00:08Z,9146,147,0,20,3.13,https://www.youtube.com/watch?v=D4PTzIMlkyg
MAY THE BEST PUB WIN | Interior Design Masters,2023-04-25T20:30:02Z,10451,142,0,8,3.92,https://www.youtube.com/watch?v=WvywvhhPI4o
Felix Kammerer ran 15km everyday to prepare for All Quiet on the Western Front | The One Show,2023-02-21T11:31:33Z,165201,2977,0,179,3.73,https://www.youtube.com/watch?v=TeLYLHxoyzc
Creating the worlds of Series 3: Behind the Scenes | His Dark Materials  - BBC,2023-01-04T16:00:23Z,16122,434,0,16,6.17,https://www.youtube.com/watch?v=quRavI7goWY
Dwayne Johnson & Noah Centineo on 'Black Adam' and their bromance üòç | The One Show,2022-10-20T11:00:05Z,45919,488,0,50,7.67,https://www.youtube.com/watch?v=AL8P0hVJhvg
The EPIC opening scene of Peaky Blinders üò≤üî• BBC,2022-09-21T10:22:02Z,208491,2370,0,104,2.73,https://www.youtube.com/watch?v=YGj0xgPXTSw
Young Mormon couple discuss no sex before marriage | The Mormons Are Coming - BBC,2023-03-01T19:00:01Z,51133,358,0,215,3.07,https://www.youtube.com/watch?v=2CqAbKoKScw
"Slay It Don‚Äôt Spray It with Chrishell Stause, Mary Fitzgerald, David Koechner and Lucy Davis üí¶",2023-02-05T15:00:30Z,119184,1154,0,26,6.52,https://www.youtube.com/watch?v=xTWOz2Q-rco
Who's Stephen Ross? | Silent Witness,2023-01-04T12:00:30Z,5877,102,0,7,2.18,https://www.youtube.com/watch?v=ZwQuMYx0wOc
Boyfriend learns how to calm down overwhelmed girlfriend with ADHD | Waterloo Road - BBC,2023-06-07T10:00:15Z,248390,4743,0,165,2.08,https://www.youtube.com/watch?v=FxLwSiwmHAo
CALLING ALL PETROL HEADS | Dragons' Den - BBC,2023-03-03T21:00:11Z,17181,145,0,28,5.43,https://www.youtube.com/watch?v=UCpW2z-fwe0
Lenny Henry regenerates into David Tennant! #RedNoseDay #iPlayer #DoctorWho - BBC,2023-03-18T13:30:17Z,144411,1121,0,98,1.48,https://www.youtube.com/watch?v=o6enoAVBg2Q
The importance of disability on screen | Best Interests - BBC,2023-06-20T11:00:35Z,11048,211,0,28,2.15,https://www.youtube.com/watch?v=fSoRD1MJQ28
"TLC ""Waterfalls"" ‚ú®country and western ‚ú® style - BBC",2023-01-02T20:00:12Z,59626,2384,0,76,1.0,https://www.youtube.com/watch?v=q3UwoMupnS4
Tommy & Grace's first kiss | Peaky Blinders ‚Äì BBC,2022-10-14T14:00:28Z,3294918,25420,0,566,3.02,https://www.youtube.com/watch?v=z85PpgEWSn8
He wasn't called Elvis the Pelvis for nothing!,2022-10-24T14:00:36Z,8767365,597869,0,7210,0.77,https://www.youtube.com/watch?v=yB8GXtFAiEE
Bringing Ibiza to London | Interior Design Masters - BBC,2023-03-07T18:00:33Z,9454,65,0,9,3.3,https://www.youtube.com/watch?v=xhdsDfVavCE
James McAvoy and Penelope Cruz joke about the first time they met | The Graham Norton Show - BBC,2022-01-29T15:00:16Z,43646,638,0,27,2.35,https://www.youtube.com/watch?v=VbCeCJ1h5uc
19-year-old Daniel has a scary seizure | Ambulance - BBC,2023-01-17T12:00:17Z,326631,2792,0,165,3.22,https://www.youtube.com/watch?v=EqIG0_jsG8E
The King's Christmas Broadcast 2022 üëëüéÑüì∫ - BBC,2022-12-25T15:00:15Z,980328,16375,0,2337,8.57,https://www.youtube.com/watch?v=JW7PV8cfiiM
Feeding snowy owl chicks is no mean feat üòÇ | Frozen Planet II - BBC,2022-10-14T13:00:34Z,50936,844,0,25,3.27,https://www.youtube.com/watch?v=f8d_Ej7kBdg
A SHOCKING confession causes chaos on reality show üôä | The Traitors,2022-12-06T21:30:03Z,98823,674,0,246,4.5,https://www.youtube.com/watch?v=_02PmhA-Spk
"""An emotional journey"" - the story behind the documentary | Emily Atack: Asking For It? - BBC",2023-02-02T16:00:31Z,54456,312,0,89,5.8,https://www.youtube.com/watch?v=favrRfk3qMU
Doctor Who 2023 - 60th Anniversary Specials Trailer | BBC,2023-05-13T19:00:18Z,1496654,27986,0,1982,0.7,https://www.youtube.com/watch?v=WDi_OQxVqMY
A VERY different STI check-up üòÇ Everything I Know About Love - BBC,2022-06-28T14:00:22Z,545596,1715,0,57,2.85,https://www.youtube.com/watch?v=PQQCmJ60z94
Monika's WILD idea | Interior Design Masters  - BBC,2023-03-21T21:00:12Z,11492,122,0,6,3.62,https://www.youtube.com/watch?v=YUjp2repq_Y
How the ICONIC Tracy Beaker shaped Kids‚Äô TV  | Kids‚Äô TV: The Surprising Story - BBC,2022-10-27T09:00:18Z,21100,376,0,42,3.33,https://www.youtube.com/watch?v=g4iujVsB8lw
Hot tips for starting a new job on the beat | Blue Lights - BBC,2023-04-20T09:00:20Z,38170,341,0,28,2.83,https://www.youtube.com/watch?v=eM4VIs3aXno
"Annie would like to speak to the manager, please | Ten Pound Poms - BBC",2023-05-18T11:11:08Z,23878,85,0,24,3.42,https://www.youtube.com/watch?v=n_ArUiPrJSw
How Zoe Salda√±a held her breath for FIVE MINUTES on the set of #Avatar! üò±ü§ø #TheOneShow #iPlayer,2022-12-08T10:39:32Z,88276,4639,0,61,0.97,https://www.youtube.com/watch?v=vuXJZkViS84
The moment Gabriel LaBelle was told he was playing Spielberg! üòç | The One Show -BBC,2023-01-28T11:00:39Z,15727,227,0,22,5.0,https://www.youtube.com/watch?v=uYNMdNshmic
Yasmin handles sexual assault allegation in worst way possible | Industry Series 2,2022-11-09T11:16:00Z,50204,283,0,21,2.42,https://www.youtube.com/watch?v=zipP1zm3Vkk
Most brutal twist EVER in a reality show üò± | The Traitors,2022-11-29T22:30:05Z,79168,622,0,121,3.77,https://www.youtube.com/watch?v=j3w4S0aFPmU
Penn Badgley shows off his cockney accent üòÇ | The One Show - BBC,2023-03-18T17:00:22Z,509076,4995,0,267,5.05,https://www.youtube.com/watch?v=OD8zxlV_UdU
What is an assassins tea pot? | QI - BBC,2023-03-08T14:00:25Z,32501,484,0,65,3.03,https://www.youtube.com/watch?v=qp_nkqOmmSE
The SMARTEST gameplay move on The Traitors ü§Ø | The Traitors,2022-12-20T22:00:30Z,155749,852,0,302,4.8,https://www.youtube.com/watch?v=lSeZGfVSv_Y
Will Poulter Gets Emotional Surprise From His School Maths Teacher üò≠ | The One Show,2022-09-06T10:14:58Z,3749532,47382,0,1684,4.65,https://www.youtube.com/watch?v=MlvKzesmk3I
The Last Chapter‚Ä¶ Final Trailer | His Dark Materials üî•,2022-11-30T13:00:30Z,47212,587,0,60,0.67,https://www.youtube.com/watch?v=_vIw9ghKhZw
Could you win this insane music challenge? ü§î üò§ | The Traitors,2022-11-30T22:30:00Z,11502,145,0,21,3.63,https://www.youtube.com/watch?v=8dXzGTKP6Vc
Happy New Year Live! üéÜ London Fireworks 2023 üî¥ BBC,2023-01-01T00:15:15Z,6055553,51919,0,4935,13.87,https://www.youtube.com/watch?v=2FcDNi1HkfI
Made in Birmingham üî• Peaky Blinders - BBC,2022-12-04T15:00:30Z,35711,571,0,37,2.2,https://www.youtube.com/watch?v=gd9Y9AIg8Xs
Exploring faith and sexuality | My Hindu Coming Out Story - BBC,2023-03-10T09:00:01Z,11847,181,0,45,3.55,https://www.youtube.com/watch?v=-emJdzbsMdU
"Slay It Don‚Äôt Spray It with The Vivienne, Courtney Act, Ricki Lake and Reggie Watts üí¶ That‚Äôs My Jam",2023-01-29T12:00:17Z,152964,1681,0,55,5.58,https://www.youtube.com/watch?v=F_Y3iQG49Jw
No phones. No flights. LOADS of drama - Race Across the World | FULL EPISODE - BBC,2023-02-27T18:00:01Z,40351,258,0,27,59.35,https://www.youtube.com/watch?v=1tupA2Yqut4
Gio shaves Anton's CHEST at a Sicilian barbershop üò≥ | Adventures in Sicily - BBC,2023-03-28T21:00:24Z,24669,99,0,12,3.05,https://www.youtube.com/watch?v=rUNznY0BkEo
Reality show gets REAL with ANOTHER plot twist üò≤ | The Traitors,2022-12-15T22:30:03Z,33235,261,0,63,4.47,https://www.youtube.com/watch?v=S4BIS16bJ4Y
Annie has to punish a pervy peeper at work | Ten Pound Poms - BBC,2023-05-28T11:00:01Z,28400,198,0,12,3.03,https://www.youtube.com/watch?v=0yXJlfIGHjo
ESCAPE TO TEMI'S BEACH CHALET | Interior Design Masters - BBC,2023-04-04T20:00:26Z,11005,103,0,8,4.93,https://www.youtube.com/watch?v=zTd0SiBvHUA
Freya's Journey - Junior Eurovision Song Contest - @cbbc - BBC,2022-12-08T18:30:27Z,66499,1652,0,0,30.22,https://www.youtube.com/watch?v=djk2JhfHwhc
Yasmin & Rob flirt outrageously during late night rendezvous | Industry Series 2,2022-10-12T09:00:18Z,151930,922,0,49,4.13,https://www.youtube.com/watch?v=nApKMUi-Iio
This product is peng! | Dragons' Den - BBC,2023-01-06T14:00:34Z,13519,130,0,23,2.95,https://www.youtube.com/watch?v=hbu9IH_NAl0
Detectives face life or death in Sierra Leone | The Gold - BBC,2023-02-28T10:00:12Z,19738,132,0,20,3.02,https://www.youtube.com/watch?v=RH61su0aWCs
Hilarious Series 11 Outtakes | Waterloo Road,2023-02-14T17:30:01Z,19808,189,0,6,3.12,https://www.youtube.com/watch?v=FAstAsMTVoo
Chameleon Births Six Babies üò± I Frozen Planet 2 | BBC,2022-09-25T13:00:04Z,34766,705,0,37,3.1,https://www.youtube.com/watch?v=2TzCwzIyPjc
"Alex Scott was ""crying like a baby"" at the Women's Euro 2022 ‚öΩÔ∏è@OfficialGrahamNorton  ‚≠êÔ∏è BBC",2022-10-30T17:00:34Z,22117,224,0,24,1.58,https://www.youtube.com/watch?v=kUX9oBQ-hL4
Does Peter Crouch know his own football chants üòÇ #MichaelMcIntyre #BigShow #iPlayer,2023-01-21T15:00:33Z,8756761,330443,0,493,0.57,https://www.youtube.com/watch?v=iOeQANaOMoA
Can the students of Waterloo Road guess these 00s items? ü§î | BBC,2023-06-08T15:30:06Z,5720,109,0,7,5.08,https://www.youtube.com/watch?v=MLJ-YvMNcPY
MMMbop has never sounded so good üòÇ #ThatsMyJam #iPlayer,2023-01-31T20:00:04Z,28275,959,0,41,1.0,https://www.youtube.com/watch?v=EO92tJBS7FA
Angela Griffin spills the tea on Waterloo Road's BIG return üò± | Waterloo Road,2022-12-26T17:00:23Z,14025,218,0,23,3.07,https://www.youtube.com/watch?v=jNhxF3GORp8
Dame Helen Mirren Didn't Tell Anyone She Broke Her finger On 'Shazam!' | The Graham Norton Show,2023-02-25T13:00:23Z,33501,377,0,14,2.38,https://www.youtube.com/watch?v=NS7mfkwe4xs
A journey that ends with a BANG | Silent Witness - BBC,2023-01-05T12:00:32Z,14028,185,0,5,1.98,https://www.youtube.com/watch?v=lrur6Y2iDU8
Sealed with a kiss üòò  Watch #GossipGirl on #iPlayer,2023-04-22T17:00:00Z,2029593,22614,0,58,0.42,https://www.youtube.com/watch?v=10Sjx0HAL3Y
The ULTIMATE betrayal at the Round Table | The Traitors,2022-12-08T22:30:04Z,80632,488,0,200,4.12,https://www.youtube.com/watch?v=M5SMbBkvYlE
Will this potion work on the dragons? | Dragons' Den - BBC,2023-01-21T12:00:32Z,23220,162,0,35,5.1,https://www.youtube.com/watch?v=hbNOuTDAuFk
Adeel Akhtar wins Best Supporting Actor for Sherwood | BAFTA TV Awards 2023 - BBC,2023-05-14T19:22:16Z,21016,142,0,14,2.08,https://www.youtube.com/watch?v=Wcsg0SsiPRE
ALL the BEST BITS from The Platinum Pageant Parade - BBC,2022-06-05T21:24:53Z,65747,821,0,75,2.73,https://www.youtube.com/watch?v=_6CH7gsfChM
Lizzo brought an extra hip flask to the Grammys for Adele üòÆ ü•Ç @OfficialGrahamNorton ‚ú® BBC,2023-02-12T14:00:09Z,174497,345,0,36,1.55,https://www.youtube.com/watch?v=NDFFTCbTfjE
Pedro Pascal Swerves A Kiss From Dame Helen Mirren ü´£ | The Graham Norton Show - BBC,2023-02-24T20:00:16Z,98859,1101,0,81,2.08,https://www.youtube.com/watch?v=o_llrbnlVtM
David Beckham announces Earthshot Prize winner | The Earthshot Prize 2022 - BBC,2022-12-04T19:01:17Z,120326,2780,0,246,2.53,https://www.youtube.com/watch?v=g5pNQ9ugYqU
"""I'm not usually a pr*ck!"" | Rain Dogs - BBC",2023-04-05T16:00:00Z,32519,258,0,69,3.05,https://www.youtube.com/watch?v=-PNad1weGoY
The UK's Eurovision 2023 act is... Mae Muller! | Meet the UK Act - BBC,2023-03-09T21:15:02Z,69285,888,0,121,6.52,https://www.youtube.com/watch?v=qCv3uTfxksY
Who said vegans can't be sexy? ü•íüçÜü•ï,2022-10-05T13:00:00Z,9286979,86347,0,456,0.3,https://www.youtube.com/watch?v=0_gvO_ytFHc
Couple argue over adoption of two troubled kids | Waterloo Road - BBC,2023-05-17T15:00:13Z,11143,145,0,58,2.65,https://www.youtube.com/watch?v=CMAtERZCe-k
Teamwork makes the dream work for Zainib and Mobeen | Race Across The World - BBC,2023-04-06T11:00:33Z,14001,71,0,9,3.17,https://www.youtube.com/watch?v=eKezzvIn_KY
Is this footballer a good or bad singer? ü§î I Can See Your Voice - BBC,2022-10-18T16:00:34Z,11972,146,0,12,2.9,https://www.youtube.com/watch?v=c2UbpPqV08c
Fun ways to be more eco-friendly üåé | The Audacious - BBC,2022-11-18T18:18:30Z,4922,128,0,17,7.87,https://www.youtube.com/watch?v=_IPPygx34Tc
Petrol station showdown between Esther & Col | Better - BBC,2023-03-15T14:00:18Z,3555,20,0,4,5.15,https://www.youtube.com/watch?v=WBSf7kKQ2lo
"Chris Pine, Reg√©-Jean Page & Michelle Rodriguez geek out on Dungeons & Dragons | The One Show - BBC",2023-03-28T19:00:00Z,70653,1010,0,40,7.88,https://www.youtube.com/watch?v=0dow74pVRdU
Making eco-cleaning products from your own home | Dragons' Den - BBC,2023-01-27T10:00:37Z,42722,233,0,52,4.9,https://www.youtube.com/watch?v=q6soLOtRjq8
The LEAST romantic way to find out you're engaged üò¨ | Great Expectations - BBC,2023-04-12T16:00:36Z,15105,205,0,28,2.88,https://www.youtube.com/watch?v=nuSwaxZB3P0
Four 'unique' candidates are grilled by The Apprentice interviewers ü§£ | The Apprentice - BBC,2023-03-16T13:00:00Z,26706,192,0,14,5.22,https://www.youtube.com/watch?v=-NqAYrUI8RE
Marc & Michael's brotherly bonding on a boat #RaceAcrossTheWorld #iPlayer - BBC,2023-03-30T19:30:02Z,10133,109,0,7,2.92,https://www.youtube.com/watch?v=OR4Wr6EWeqk
JACK AND MONIKA'S BEST BITS | Interior Design Masters - BBC,2023-04-27T12:00:26Z,6993,102,0,10,3.6,https://www.youtube.com/watch?v=OVRWWDusBiU
Mood wins the BAFTA for Mini-Series | BAFTA TV Awards 2023 - BBC,2023-05-14T19:03:53Z,5827,72,0,6,2.73,https://www.youtube.com/watch?v=OitqWRU7IwY
It's life or death for the exotic animals of the Cardamom rain forest | Our Changing Planet - BBC,2022-04-24T19:00:10Z,31159,599,0,29,3.57,https://www.youtube.com/watch?v=ejdoRSyqJUY
Sara Pascoe goes to whistling school | Sara Pascoe: Last Woman On Earth - BBC,2023-04-12T11:00:17Z,11303,199,0,16,4.13,https://www.youtube.com/watch?v=KbWK-Teitug
Danny makes shocking confession that could push Samia away | Waterloo Road - BBC,2023-06-28T09:00:23Z,8381,136,0,4,3.1,https://www.youtube.com/watch?v=XIwtZR7wE2o
Naomi Ackie On Becoming Whitney Houston In 'I Wanna Dance with Somebody' | @OfficialGrahamNorton BBC,2022-12-18T18:00:06Z,14824,164,0,19,1.27,https://www.youtube.com/watch?v=MW3CCWeRiXM
Humpback whale protects her baby from competing partners | Spy in the Ocean - BBC,2023-06-25T19:00:31Z,118204,485,0,26,4.2,https://www.youtube.com/watch?v=wvkxJG1PhVI
Behind the scenes of @maemuller's 'I Wrote A Song' Music Video | The One Show - BBC,2023-03-18T19:00:10Z,14423,229,0,15,4.18,https://www.youtube.com/watch?v=_EU-Ig93Hf0
"James Cameron, Zoe Salda√±a & Sam Worthington on the making of Avatar | The One Show",2022-12-07T18:00:07Z,124850,2127,0,126,5.22,https://www.youtube.com/watch?v=JQnORmnJWDU
The most TENSE moment of The Traitors so far... üò± | The Traitors,2022-12-02T09:30:03Z,39235,218,0,35,4.43,https://www.youtube.com/watch?v=A4QZDMe2Lgs
PUTTING ALL THEIR EGGS IN ONE (BELLY) BASKET | DRAGONS' DEN - BBC,2023-04-01T07:00:30Z,13776,143,0,9,5.68,https://www.youtube.com/watch?v=mV0IJqns52k
Helen Mirren is a HUGE Shazam! fan ‚ö°Ô∏è| The One Show - BBC,2023-03-16T18:00:32Z,13414,285,0,32,5.48,https://www.youtube.com/watch?v=wciRfa8kvEg
Black Panther 2's hilarious inspiration üòÇ | Graham Norton Show - BBC,2022-11-08T19:00:22Z,19679,271,0,21,2.33,https://www.youtube.com/watch?v=kWNYF9rBtGk
Luke Evans performs a truly uplifting history of Eurovision | BBC,2023-05-11T20:00:34Z,20599,409,0,18,2.02,https://www.youtube.com/watch?v=xo5TaTT03DQ
Lyra says emotional goodbye to Roger and Lee üíî His Dark Materials,2023-02-08T15:00:14Z,36134,366,0,30,3.5,https://www.youtube.com/watch?v=D3Kl49V87NU
How Kids‚Äô TV led the way on disability representation | Kids‚Äô TV: The Surprising Story ‚Äì BBC,2022-10-28T09:41:50Z,12827,212,0,0,6.23,https://www.youtube.com/watch?v=ji0w-8WOIhA
Alyssa is REVEALED as a Traitor | The Traitors - BBC,2022-12-13T16:06:44Z,83368,593,0,139,3.95,https://www.youtube.com/watch?v=bFQsaqyNgyo
The Coronation Concert in under 5 minutes | Coronation Concert at Windsor Castle - BBC,2023-05-07T23:59:00Z,1052420,8089,0,865,5.35,https://www.youtube.com/watch?v=WcHQBXtqkMc
Lin Manuel Miranda's HEARTBREAKING return... ‚ù§Ô∏è  His Dark Materials,2023-01-27T13:30:08Z,24516,174,0,34,3.88,https://www.youtube.com/watch?v=Qq73Ik-sPlk
How Do You Land a Plane? | QI - BBC,2023-05-21T11:00:43Z,32582,618,0,56,4.67,https://www.youtube.com/watch?v=ym8CO5UZvwc
Baby warthogs vs pride of lions | Serengeti - BBC,2023-02-19T17:30:04Z,128259,538,0,40,3.83,https://www.youtube.com/watch?v=NzijDWHQ__U
Cathie & Tricia are friendship GOALS üíñ | Race Across The World - BBC,2023-04-02T18:00:25Z,22425,147,0,13,3.37,https://www.youtube.com/watch?v=fk81FnH9C_k
@bbcthree Pornstar Martini Sundae #YoungMasterChef #iPlayer,2023-01-22T10:30:02Z,18714,484,0,23,0.9,https://www.youtube.com/watch?v=C2dCjKve778
ROLL ON SUMMER! | Dragons' Den - BBC,2023-04-06T20:00:03Z,23513,87,0,11,5.87,https://www.youtube.com/watch?v=MwFG76ucYEE
Simon and Emily's heart-to-heart ü´∂ | There She Goes,2023-06-22T11:00:37Z,36794,631,0,36,4.13,https://www.youtube.com/watch?v=nzDBMMOA7s8
Epic wicker beast challenge pushes team to their LIMIT üî• | The Traitors,2022-11-30T10:00:25Z,7832,53,0,9,4.23,https://www.youtube.com/watch?v=xZSDNg1ZRdM
This journey is about much more than distance travelled for Zainib & Mobeen | Race Across The World,2023-04-21T13:00:17Z,5061,78,0,3,3.85,https://www.youtube.com/watch?v=Bw0Nm-3UknA
Danielle Walsh's Eurovision pre-drinks: Part 2 | Eurovision 2023 - BBC,2023-04-28T15:30:18Z,11316,224,0,15,5.2,https://www.youtube.com/watch?v=eIhTJnDXLK0
Turns out LEGO isn't an aphrodisiac üò¨ #TheChrisAndRosieRamseyShow #iPlayer,2023-06-08T14:00:16Z,14296,312,0,15,0.57,https://www.youtube.com/watch?v=Y9Undc10gn8
"""I can help you get away with my murder... "" ü§Ø Inside Man - BBC",2022-10-03T14:00:16Z,18756,266,0,21,3.92,https://www.youtube.com/watch?v=gAnrTK1NsYc
"One hour of calming wintry cosiness ‚ùÑÔ∏è The Boy, The Mole, The Fox and The Horse - BBC",2022-12-02T10:04:13Z,1496439,36130,0,0,60.25,https://www.youtube.com/watch?v=oGwTVbrzKs4
We sent @JasonDerulo on a MISSION: Project Icon - BBC,2023-05-27T13:00:31Z,9552,144,0,16,47.85,https://www.youtube.com/watch?v=W1mPRfmOJfE
Danielle Walsh's Eurovision pre-drinks | Eurovision 2023 - BBC,2023-04-25T16:26:59Z,25735,675,0,79,4.85,https://www.youtube.com/watch?v=WR7erk1ZWFA
ChuckleVision but make it X-Rated ü´¢ #TheChrisAndRosieRamseyShow,2023-05-16T13:30:08Z,10908,344,0,0,0.68,https://www.youtube.com/watch?v=PAmwv8vR2cI
A Wright relaxing spa day üßñ‚Äç‚ôÄÔ∏èü§• #AWrightFamilyHoliday #iPlayer,2023-06-23T09:00:32Z,1144044,7520,0,50,0.98,https://www.youtube.com/watch?v=Zhs8RrOeS9s
